Date,HIGQ,LOWQ,HIGN,LOWN
2010-02-11,86,21,42,6
2010-02-12,85,18,50,4
2010-02-16,107,7,101,2
2010-02-17,124,9,110,2
2010-02-18,121,12,116,1
2010-02-19,161,13,139,1
2010-02-22,148,11,140,2
2010-02-23,99,9,73,3
2010-02-24,126,13,77,5
2010-02-25,118,16,65,7
2010-02-26,115,10,109,3
2010-03-01,195,15,214,2
2010-03-02,234,9,232,2
2010-03-03,213,10,222,2
2010-03-04,150,4,144,1
2010-03-05,263,7,297,1
2010-03-08,263,10,327,1
2010-03-09,214,5,288,2
2010-03-10,236,5,273,2
2010-03-11,221,7,206,2
2010-03-12,227,3,324,2
2010-03-15,177,10,185,2
2010-03-16,212,11,301,2
2010-03-17,281,7,419,2
2010-03-18,187,14,231,2
2010-03-19,190,10,197,4
2010-03-22,186,12,192,6
2010-03-23,257,8,265,4
2010-03-24,160,9,187,4
2010-03-25,220,9,283,3
2010-03-26,103,13,109,3
2010-03-29,113,12,155,1
2010-03-30,133,16,200,2
2010-03-31,125,18,142,3
2010-04-01,156,10,228,3
2010-04-05,230,10,391,2
2010-04-06,229,9,396,1
2010-04-07,194,7,271,1
2010-04-08,151,8,176,2
2010-04-09,195,11,281,2
2010-04-12,238,9,340,2
2010-04-13,191,12,254,2
2010-04-14,355,6,491,2
2010-04-15,369,16,443,1
2010-04-16,207,13,185,2
2010-04-19,128,18,78,2
2010-04-20,209,11,267,2
2010-04-21,282,13,341,1
2010-04-22,301,14,390,3
2010-04-23,353,10,547,2
2010-04-26,391,8,567,2
2010-04-27,173,12,157,4
2010-04-28,119,17,73,6
2010-04-29,223,12,258,6
2010-04-30,190,17,274,6
2010-05-03,129,20,194,7
2010-05-04,69,34,47,18
2010-05-05,57,37,31,25
2010-05-06,56,85,42,68
2010-05-07,26,49,8,25
2010-05-10,40,13,31,4
2010-05-11,78,26,46,8
2010-05-12,145,14,86,7
2010-05-13,131,14,96,6
2010-05-14,40,26,15,9
2010-05-17,53,36,30,10
2010-05-18,75,27,41,8
2010-05-19,32,48,7,21
2010-05-20,27,91,6,54
2010-05-21,22,86,8,53
2010-05-24,28,49,7,20
2010-05-25,20,108,7,68
2010-05-26,41,41,13,10
2010-05-27,53,18,14,5
2010-05-28,60,32,19,4
2010-06-01,49,45,16,27
2010-06-02,42,46,19,16
2010-06-03,70,20,45,7
2010-06-04,32,68,14,30
2010-06-07,23,94,11,61
2010-06-08,33,120,8,82
2010-06-09,36,82,18,25
2010-06-10,36,52,22,8
2010-06-11,56,30,33,8
2010-06-14,75,21,69,2
2010-06-15,63,23,60,2
2010-06-16,84,18,65,3
2010-06-17,69,19,60,8
2010-06-18,76,13,63,5
2010-06-21,94,27,118,2
2010-06-22,53,34,28,6
2010-06-23,33,44,11,14
2010-06-24,39,66,8,24
2010-06-25,62,72,22,29
2010-06-28,47,49,30,13
2010-06-29,22,114,9,71
2010-06-30,34,103,11,73
2010-07-01,28,153,8,111
2010-07-02,31,93,10,59
2010-07-06,28,126,19,63
2010-07-07,23,92,23,38
2010-07-08,25,38,40,12
2010-07-09,41,30,48,6
2010-07-12,45,34,42,11
2010-07-13,52,19,62,6
2010-07-14,77,20,55,7
2010-07-15,55,29,48,11
2010-07-16,32,59,22,23
2010-07-19,35,61,34,34
2010-07-20,38,54,54,30
2010-07-21,48,43,74,19
2010-07-22,63,27,82,11
2010-07-23,100,27,91,7
2010-07-26,149,17,141,8
2010-07-27,114,15,154,6
2010-07-28,46,19,38,7
2010-07-29,61,27,52,11
2010-07-30,56,30,34,12
2010-08-02,98,14,125,3
2010-08-03,84,23,67,7
2010-08-04,73,21,93,10
2010-08-05,72,26,76,11
2010-08-06,62,39,46,14
2010-08-09,85,21,99,9
2010-08-10,52,45,66,19
2010-08-11,25,95,5,39
2010-08-12,26,110,8,61
2010-08-13,36,88,11,46
2010-08-16,43,95,13,60
2010-08-17,51,37,45,14
2010-08-18,60,35,43,16
2010-08-19,37,97,23,50
2010-08-20,44,94,13,68
2010-08-23,54,89,32,51
2010-08-24,29,165,7,131
2010-08-25,26,137,14,115
2010-08-26,37,56,23,29
2010-08-27,43,67,35,56
2010-08-30,56,74,29,29
2010-08-31,43,117,28,70
2010-09-01,70,31,89,6
2010-09-02,77,23,92,8
2010-09-03,104,14,142,1
2010-09-07,55,20,62,8
2010-09-08,92,31,79,5
2010-09-09,95,28,100,11
2010-09-10,62,33,73,3
2010-09-13,113,18,152,4
2010-09-14,108,20,136,1
2010-09-15,102,19,83,5
2010-09-16,93,21,71,5
2010-09-17,106,26,119,10
2010-09-20,164,15,209,6
2010-09-21,142,16,154,6
2010-09-22,83,21,87,8
2010-09-23,73,30,46,12
2010-09-24,138,15,137,5
2010-09-27,127,14,138,6
2010-09-28,151,16,115,7
2010-09-29,142,18,128,4
2010-09-30,138,25,190,6
2010-10-01,113,18,140,4
2010-10-04,64,22,91,4
2010-10-05,177,10,223,7
2010-10-06,129,11,191,4
2010-10-07,117,15,177,2
2010-10-08,137,15,182,2
2010-10-11,152,12,211,1
2010-10-12,115,15,123,1
2010-10-13,224,8,358,1
2010-10-14,156,17,203,3
2010-10-15,191,14,207,6
2010-10-18,145,15,164,4
2010-10-19,81,8,87,6
2010-10-20,104,14,182,6
2010-10-21,137,19,234,7
2010-10-22,112,22,90,1
2010-10-25,188,15,268,5
2010-10-26,119,23,102,10
2010-10-27,103,21,63,8
2010-10-28,124,24,136,8
2010-10-29,128,24,125,8
2010-11-01,166,26,186,12
2010-11-02,165,20,211,6
2010-11-03,166,15,197,5
2010-11-04,323,22,481,3
2010-11-05,249,15,402,4
2010-11-08,213,10,224,6
2010-11-09,179,9,262,3
2010-11-10,131,15,99,3
2010-11-11,123,18,115,8
2010-11-12,74,24,34,6
2010-11-15,95,24,51,6
2010-11-16,45,32,16,17
2010-11-17,58,29,20,13
2010-11-18,110,20,100,7
2010-11-19,105,23,82,15
2010-11-22,127,26,113,16
2010-11-23,65,33,37,18
2010-11-24,197,22,150,8
2010-11-26,142,26,80,10
2010-11-29,105,38,66,16
2010-11-30,95,45,79,18
2010-12-01,239,31,263,5
2010-12-02,227,29,273,3
2010-12-03,226,19,272,5
2010-12-06,237,15,263,6
2010-12-07,348,20,421,6
2010-12-08,182,13,133,3
2010-12-09,205,14,154,6
2010-12-10,259,17,200,4
2010-12-13,275,12,278,4
2010-12-14,164,14,189,3
2010-12-15,178,18,159,6
2010-12-16,191,19,125,6
2010-12-17,218,21,181,7
2010-12-20,237,14,213,7
2010-12-21,222,8,253,5
2010-12-22,217,12,227,3
2010-12-23,138,7,155,3
2010-12-27,155,4,105,2
2010-12-28,146,7,129,3
2010-12-29,149,7,191,2
2010-12-30,141,10,155,1
2010-12-31,96,6,121,1
2011-01-03,290,5,362,2
2011-01-04,147,2,179,3
2011-01-05,150,3,157,4
2011-01-06,187,3,175,4
2011-01-07,138,5,130,5
2011-01-10,157,6,114,5
2011-01-11,231,6,212,6
2011-01-12,224,4,287,4
2011-01-13,200,5,221,4
2011-01-14,225,8,220,4
2011-01-18,258,6,288,2
2011-01-19,142,7,167,3
2011-01-20,37,11,43,7
2011-01-21,65,17,71,9
2011-01-24,80,13,117,9
2011-01-25,72,14,102,8
2011-01-26,141,11,230,6
2011-01-27,148,7,235,9
2011-01-28,108,24,143,15
2011-01-31,75,29,119,13
2011-02-01,176,16,288,6
2011-02-02,162,15,243,7
2011-02-03,144,11,158,6
2011-02-04,168,16,180,6
2011-02-07,234,11,302,4
2011-02-08,168,8,234,6
2011-02-09,157,14,194,6
2011-02-10,179,21,171,10
2011-02-11,223,19,289,5
2011-02-14,267,11,311,6
2011-02-15,151,19,191,7
2011-02-16,192,24,312,5
2011-02-17,198,12,324,7
2011-02-18,244,12,322,4
2011-02-22,99,24,132,13
2011-02-23,48,30,51,20
2011-02-24,58,27,64,13
2011-02-25,101,14,130,10
2011-02-28,146,12,249,7
2011-03-01,99,20,180,12
2011-03-02,60,26,63,12
2011-03-03,155,14,207,5
2011-03-04,101,16,147,7
2011-03-07,111,24,147,14
2011-03-08,99,22,123,8
2011-03-09,93,25,142,7
2011-03-10,93,25,142,7
2011-03-11,35,44,33,10
2011-03-14,35,48,32,14
2011-03-15,26,90,21,44
2011-03-16,35,47,25,27
2011-03-17,38,39,26,19
2011-03-18,52,31,57,16
2011-03-21,95,22,123,6
2011-03-22,76,27,94,6
2011-03-23,79,31,76,10
2011-03-24,116,21,119,7
2011-03-25,154,14,190,7
2011-03-28,111,21,116,8
2011-03-29,103,18,111,6
2011-03-30,194,12,267,4
2011-03-31,191,19,223,7
2011-04-01,242,19,383,6
2011-04-04,224,24,261,9
2011-04-05,187,25,277,9
2011-04-06,197,12,289,6
2011-04-07,120,13,138,6
2011-04-08,74,13,142,8
2011-04-11,61,22,91,12
2011-04-12,29,30,26,13
2011-04-13,48,31,43,11
2011-04-14,51,31,50,13
2011-04-15,80,17,94,9
2011-04-18,44,27,18,23
2011-04-19,68,18,50,21
2011-04-20,128,16,174,10
2011-04-21,130,17,202,7
2011-04-25,113,10,166,8
2011-04-26,145,14,288,3
2011-04-27,135,13,269,7
2011-04-28,160,18,318,6
2011-04-29,190,14,303,10
2011-05-02,161,15,297,11
2011-05-03,61,29,103,15
2011-05-04,57,37,71,22
2011-05-05,53,31,67,24
2011-05-06,69,27,92,9
2011-05-09,83,27,75,13
2011-05-10,138,17,182,11
2011-05-11,94,23,96,9
2011-05-12,120,31,135,23
2011-05-13,95,27,129,14
2011-05-16,40,43,63,26
2011-05-17,31,56,47,28
2011-05-18,53,34,85,13
2011-05-19,85,26,124,14
2011-05-20,58,38,62,15
2011-05-23,44,58,11,25
2011-05-24,48,56,28,24
2011-05-25,45,48,23,31
2011-05-26,74,40,47,27
2011-05-27,94,30,92,4
2011-05-31,137,33,169,7
2011-06-01,82,54,72,25
2011-06-02,30,51,24,32
2011-06-03,30,68,11,34
2011-06-06,33,95,8,43
2011-06-07,25,87,19,38
2011-06-08,24,108,18,63
2011-06-09,32,83,16,49
2011-06-10,25,109,11,59
2011-06-13,37,87,13,58
2011-06-14,36,42,23,13
2011-06-15,16,68,11,41
2011-06-16,18,67,7,47
2011-06-17,34,69,17,34
2011-06-20,33,62,28,37
2011-06-21,65,15,57,16
2011-06-22,67,17,55,16
2011-06-23,43,45,13,31
2011-06-24,65,32,26,25
2011-06-27,73,29,32,30
2011-06-28,107,11,62,11
2011-06-29,96,17,84,8
2011-06-30,106,24,112,6
2011-07-01,157,12,173,5
2011-07-05,154,10,180,7
2011-07-06,145,16,168,11
2011-07-07,230,9,292,8
2011-07-08,81,14,45,12
2011-07-11,51,15,24,23
2011-07-12,55,12,40,33
2011-07-13,89,10,55,19
2011-07-14,60,17,42,35
2011-07-15,40,20,42,36
2011-07-18,37,46,26,73
2011-07-19,79,15,71,23
2011-07-20,76,21,89,18
2011-07-21,100,14,164,19
2011-07-22,82,8,94,13
2011-07-25,42,15,60,21
2011-07-26,35,24,43,30
2011-07-27,20,53,25,57
2011-07-28,22,59,27,54
2011-07-29,26,74,10,92
2011-08-01,41,71,31,61
2011-08-02,32,98,20,107
2011-08-03,27,136,13,170
2011-08-04,13,202,6,253
2011-08-05,5,274,1,328
2011-08-08,4,450,1,550
2011-08-09,10,367,2,408
2011-08-10,4,163,5,151
2011-08-11,7,108,8,106
2011-08-12,8,45,7,15
2011-08-15,13,28,12,4
2011-08-16,5,39,8,14
2011-08-17,6,43,11,13
2011-08-18,2,190,2,174
2011-08-19,6,242,3,232
2011-08-22,9,183,7,204
2011-08-23,7,99,7,140
2011-08-24,11,38,14,26
2011-08-25,10,35,10,41
2011-08-26,10,78,6,82
2011-08-29,26,14,28,7
2011-08-30,22,14,35,3
2011-08-31,24,5,39,4
2011-09-01,15,18,31,8
2011-09-02,8,72,3,37
2011-09-06,15,174,6,159
2011-09-07,18,20,10,10
2011-09-08,23,35,26,18
2011-09-09,7,137,4,120
2011-09-12,9,157,1,191
2011-09-13,8,45,9,30
2011-09-14,29,36,26,26
2011-09-15,23,33,26,10
2011-09-16,33,25,37,10
2011-09-19,23,52,18,41
2011-09-20,34,68,57,52
2011-09-21,10,186,11,195
2011-09-22,10,370,2,505
2011-09-23,3,117,2,178
2011-09-26,6,99,4,129
2011-09-27,18,26,16,14
2011-09-28,9,71,4,64
2011-09-29,6,122,6,113
2011-09-30,3,148,10,183
2011-10-03,4,389,6,544
2011-10-04,6,474,4,725
2011-10-05,5,41,5,22
2011-10-06,5,29,7,9
2011-10-07,10,42,11,17
2011-10-10,16,34,16,6
2011-10-11,19,25,13,2
2011-10-12,23,17,17,2
2011-10-13,13,14,5,4
2011-10-14,29,12,21,4
2011-10-17,20,25,12,8
2011-10-18,27,28,26,10
2011-10-19,35,21,47,8
2011-10-20,17,36,10,18
2011-10-21,37,16,60,8
2011-10-24,63,9,82,2
2011-10-25,30,15,27,3
2011-10-26,33,30,43,5
2011-10-27,116,18,169,4
2011-10-28,59,16,67,4
2011-10-31,23,16,40,6
2011-11-01,11,31,7,25
2011-11-02,22,18,16,6
2011-11-03,42,38,44,8
2011-11-04,37,22,20,9
2011-11-07,37,37,37,10
2011-11-08,53,28,55,8
2011-11-09,11,51,10,23
2011-11-10,12,52,14,24
2011-11-11,30,22,43,8
2011-11-14,37,36,28,11
2011-11-15,43,37,33,16
2011-11-16,37,41,29,24
2011-11-17,21,63,6,40
2011-11-18,15,47,7,31
2011-11-21,15,100,5,79
2011-11-22,12,87,5,69
2011-11-23,6,134,1,129
2011-11-25,5,122,3,106
2011-11-28,14,36,9,21
2011-11-29,22,48,14,30
2011-11-30,59,27,59,9
2011-12-01,41,28,67,9
2011-12-02,43,21,54,4
2011-12-05,64,12,64,2
2011-12-06,38,26,28,6
2011-12-07,30,28,32,8
2011-12-08,19,37,13,15
2011-12-09,48,35,35,14
2011-12-12,18,43,11,28
2011-12-13,40,53,31,44
2011-12-14,9,89,8,72
2011-12-15,18,70,17,39
2011-12-16,35,62,31,43
2011-12-19,33,92,32,72
2011-12-20,51,34,61,10
2011-12-21,51,37,79,19
2011-12-22,59,22,97,12
2011-12-23,36,13,92,5
2011-12-27,61,25,123,12
2011-12-28,28,36,54,25
2011-12-29,33,36,63,20
2011-12-30,36,28,59,10
2012-01-03,77,17,126,3
2012-01-04,17,14,28,5
2012-01-05,37,16,37,10
2012-01-06,40,18,33,10
2012-01-09,56,29,33,14
2012-01-10,89,20,76,6
2012-01-11,51,14,43,10
2012-01-12,58,11,61,11
2012-01-13,43,20,30,17
2012-01-17,72,14,79,22
2012-01-18,69,11,75,18
2012-01-19,72,4,92,17
2012-01-20,59,8,60,13
2012-01-23,51,3,59,3
2012-01-24,54,9,41,9
2012-01-25,79,7,74,6
2012-01-26,89,10,108,6
2012-01-27,66,7,43,5
2012-01-30,56,8,28,5
2012-01-31,79,9,56,7
2012-02-01,129,6,126,7
2012-02-02,158,4,120,7
2012-02-03,237,2,209,3
2012-02-06,96,1,83,1
2012-02-07,78,2,98,1
2012-02-08,100,4,119,2
2012-02-09,97,3,117,4
2012-02-10,42,5,30,8
2012-02-13,94,3,111,3
2012-02-14,75,7,61,2
2012-02-15,97,11,113,2
2012-02-16,108,7,95,3
2012-02-17,116,6,123,3
2012-02-21,87,6,102,3
2012-02-22,55,10,55,2
2012-02-23,86,12,76,2
2012-02-24,97,2,88,2
2012-02-27,82,11,70,3
2012-02-28,76,13,79,5
2012-02-29,61,16,90,9
2012-03-01,76,18,82,4
2012-03-02,59,18,51,15
2012-03-05,47,22,40,17
2012-03-06,25,36,9,26
2012-03-07,34,16,28,12
2012-03-08,70,13,75,7
2012-03-09,116,6,98,3
2012-03-12,83,14,75,10
2012-03-13,153,10,150,5
2012-03-14,136,8,137,11
2012-03-15,116,11,98,10
2012-03-16,132,6,96,4
2012-03-19,149,5,103,3
2012-03-20,64,9,37,11
2012-03-21,91,8,60,6
2012-03-22,57,13,31,16
2012-03-23,68,15,49,9
2012-03-26,198,6,146,10
2012-03-27,173,6,138,8
2012-03-28,83,11,44,18
2012-03-29,70,14,32,24
2012-03-30,107,10,91,10
2012-04-02,112,13,136,9
2012-04-03,106,16,110,20
2012-04-04,37,31,24,44
2012-04-05,58,34,43,34
2012-04-09,28,48,16,50
2012-04-10,27,58,11,60
2012-04-11,32,24,17,25
2012-04-12,47,11,31,11
2012-04-13,57,26,21,28
2012-04-16,58,40,36,46
2012-04-17,76,15,62,18
2012-04-18,53,41,39,36
2012-04-19,71,43,54,39
2012-04-20,63,29,92,29
2012-04-23,42,49,17,69
2012-04-24,49,29,49,23
2012-04-25,87,20,113,13
2012-04-26,97,20,142,14
2012-04-27,143,22,182,12
2012-04-30,99,17,73,11
2012-05-01,123,20,164,9
2012-05-02,91,36,68,24
2012-05-03,88,57,86,36
2012-05-04,45,62,17,43
2012-05-07,45,60,22,42
2012-05-08,50,88,26,65
2012-05-09,43,56,22,64
2012-05-10,62,42,43,27
2012-05-11,50,67,31,38
2012-05-14,34,79,15,77
2012-05-15,39,67,20,107
2012-05-16,37,76,23,115
2012-05-17,20,101,3,129
2012-05-18,8,124,3,117
2012-05-21,17,79,6,52
2012-05-22,26,59,9,38
2012-05-23,22,103,5,98
2012-05-24,21,47,20,41
2012-05-25,23,31,14,23
2012-05-29,47,22,33,19
2012-05-30,24,47,12,53
2012-05-31,28,65,22,105
2012-06-01,12,107,5,140
2012-06-04,13,97,6,135
2012-06-05,20,40,14,41
2012-06-06,34,8,36,15
2012-06-07,43,15,56,17
2012-06-08,41,14,56,17
2012-06-11,66,33,56,47
2012-06-12,31,41,9,47
2012-06-13,30,46,20,45
2012-06-14,36,53,35,55
2012-06-15,60,26,59,27
2012-06-18,86,22,64,36
2012-06-19,106,11,94,7
2012-06-20,76,7,40,4
2012-06-21,46,35,18,29
2012-06-22,66,30,15,30
2012-06-25,38,54,11,77
2012-06-26,55,44,22,66
2012-06-27,75,35,39,22
2012-06-28,44,40,34,34
2012-06-29,135,12,134,5
2012-07-02,165,12,155,4
2012-07-03,176,4,161,2
2012-07-05,132,9,126,5
2012-07-06,54,17,30,5
2012-07-09,77,21,47,9
2012-07-10,91,28,80,25
2012-07-11,67,36,29,23
2012-07-12,49,57,41,51
2012-07-13,104,22,118,13
2012-07-16,65,27,102,27
2012-07-17,92,50,127,38
2012-07-18,99,22,112,20
2012-07-19,82,21,78,18
2012-07-20,39,36,44,35
2012-07-23,12,77,10,84
2012-07-24,13,82,16,82
2012-07-25,20,62,17,66
2012-07-26,42,63,66,55
2012-07-27,86,40,121,29
2012-07-30,67,27,104,11
2012-07-31,49,35,72,20
2012-08-01,38,54,86,34
2012-08-02,26,71,29,58
2012-08-03,56,37,102,18
2012-08-06,62,23,90,9
2012-08-07,70,16,101,10
2012-08-08,63,15,59,9
2012-08-09,54,15,51,4
2012-08-10,31,16,30,3
2012-08-13,35,21,38,12
2012-08-14,56,26,68,13
2012-08-15,49,29,51,8
2012-08-16,78,17,94,3
2012-08-17,92,19,106,4
2012-08-20,89,17,78,5
2012-08-21,105,15,97,5
2012-08-22,33,16,36,12
2012-08-23,37,22,16,9
2012-08-24,51,18,41,11
2012-08-27,59,21,58,15
2012-08-28,53,22,52,21
2012-08-29,65,14,64,20
2012-08-30,32,15,29,25
2012-08-31,56,14,54,17
2012-09-04,98,18,118,24
2012-09-05,100,13,117,26
2012-09-06,171,15,231,9
2012-09-07,139,14,243,9
2012-09-10,96,9,144,9
2012-09-11,92,12,126,12
2012-09-12,94,9,186,9
2012-09-13,188,11,285,4
2012-09-14,222,10,370,1
2012-09-17,89,11,93,3
2012-09-18,89,7,70,3
2012-09-19,117,12,129,3
2012-09-20,97,11,83,5
2012-09-21,187,20,198,4
2012-09-24,128,14,101,7
2012-09-25,140,15,125,11
2012-09-26,45,19,25,18
2012-09-27,103,13,48,7
2012-09-28,81,8,42,5
2012-10-01,126,19,106,10
2012-10-02,94,21,66,15
2012-10-03,121,25,95,13
2012-10-04,122,27,143,10
2012-10-05,156,25,190,2
2012-10-08,58,27,49,4
2012-10-09,45,31,42,10
2012-10-10,43,36,22,21
2012-10-11,60,23,50,6
2012-10-12,31,31,28,11
2012-10-15,47,26,38,12
2012-10-16,90,12,125,9
2012-10-17,95,17,176,6
2012-10-18,95,20,165,8
2012-10-19,45,55,57,25
2012-10-22,37,40,33,25
2012-10-23,23,57,13,32
2012-10-24,34,40,39,29
2012-10-25,44,34,66,28
2012-10-26,45,49,30,28
2012-10-31,74,58,78,35
2012-11-01,85,35,144,26
2012-11-02,71,41,117,34
2012-11-05,39,35,45,29
2012-11-06,60,35,106,18
2012-11-07,25,71,43,61
2012-11-08,31,87,17,60
2012-11-09,17,90,16,87
2012-11-12,22,67,25,71
2012-11-13,22,95,28,93
2012-11-14,17,104,15,127
2012-11-15,12,139,8,151
2012-11-16,15,129,10,126
2012-11-19,23,32,30,19
2012-11-20,26,38,43,31
2012-11-21,27,25,44,27
2012-11-23,33,9,80,15
2012-11-26,52,19,61,3
2012-11-27,56,14,70,10
2012-11-28,37,20,56,17
2012-11-29,70,8,117,6
2012-11-30,54,14,85,6
2012-12-03,60,16,109,8
2012-12-04,27,21,47,9
2012-12-05,44,22,56,13
2012-12-06,38,28,44,12
2012-12-07,44,18,60,17
2012-12-10,50,20,74,17
2012-12-11,78,17,108,13
2012-12-12,65,16,103,10
2012-12-13,32,24,38,13
2012-12-14,30,27,48,13
2012-12-17,43,22,80,13
2012-12-18,83,11,166,6
2012-12-19,95,11,162,10
2012-12-20,85,10,137,10
2012-12-21,43,18,77,11
2012-12-24,39,9,46,11
2012-12-26,34,8,53,13
2012-12-27,35,15,43,16
2012-12-28,33,17,32,13
2012-12-31,65,19,93,15
2013-01-02,214,12,381,5
2013-01-03,135,6,238,3
2013-01-04,125,6,217,1
2013-01-07,103,6,143,6
2013-01-08,93,8,144,4
2013-01-09,133,3,208,3
2013-01-10,154,4,210,4
2013-01-11,125,7,182,1
2013-01-14,127,6,161,2
2013-01-15,105,9,158,1
2013-01-16,95,2,131,5
2013-01-17,138,2,315,2
2013-01-18,133,4,246,3
2013-01-22,197,4,341,3
2013-01-23,154,2,290,4
2013-01-24,194,7,364,7
2013-01-25,188,9,296,8
2013-01-28,196,5,279,10
2013-01-29,158,5,262,5
2013-01-30,125,8,200,5
2013-01-31,138,10,163,6
2013-02-01,245,10,350,6
2013-02-04,121,6,99,5
2013-02-05,138,6,208,6
2013-02-06,141,7,176,5
2013-02-07,139,8,193,6
2013-02-08,175,11,251,3
2013-02-11,135,9,174,7
2013-02-12,169,10,258,6
2013-02-13,193,12,293,6
2013-02-14,183,11,280,14
2013-02-15,181,10,266,22
2013-02-19,226,11,345,12
2013-02-20,178,12,243,30
2013-02-21,52,29,40,36
2013-02-22,100,19,82,12
2013-02-25,108,23,126,20
2013-02-26,49,15,24,27
2013-02-27,101,20,126,11
2013-02-28,113,14,177,20
2013-03-01,100,36,128,39
2013-03-04,149,28,200,32
2013-03-05,239,16,353,19
2013-03-06,192,14,275,21
2013-03-07,178,8,193,2
2013-03-08,240,2,296,3
2013-03-11,189,7,257,4
2013-03-12,146,7,188,3
2013-03-13,144,11,215,5
2013-03-14,215,7,329,5
2013-03-15,207,14,296,8
2013-03-18,106,13,134,10
2013-03-19,117,12,165,14
2013-03-20,171,12,290,12
2013-03-21,108,8,165,10
2013-03-22,123,11,174,6
2013-03-25,180,14,256,14
2013-03-26,160,17,213,7
2013-03-27,119,22,165,13
2013-03-28,205,15,308,7
2013-04-01,132,25,184,19
2013-04-02,127,22,214,19
2013-04-03,54,35,103,35
2013-04-04,33,22,72,34
2013-04-05,39,37,66,29
2013-04-08,69,20,140,9
2013-04-09,83,18,172,7
2013-04-10,145,9,242,5
2013-04-11,165,8,332,6
2013-04-12,86,19,153,23
2013-04-15,49,42,56,66
2013-04-16,52,34,57,38
2013-04-17,31,64,30,73
2013-04-18,27,53,34,43
2013-04-19,52,33,107,18
2013-04-22,64,35,125,30
2013-04-23,109,21,201,7
2013-04-24,98,21,217,5
2013-04-25,139,13,257,4
2013-04-26,89,24,121,8
2013-04-29,124,12,178,4
2013-04-30,130,13,226,9
2013-05-01,101,25,165,12
2013-05-02,92,18,164,11
2013-05-03,211,11,317,11
2013-05-06,146,7,207,9
2013-05-07,191,6,290,5
2013-05-08,180,10,330,5
2013-05-09,150,13,290,5
2013-05-10,174,9,228,6
2013-05-13,156,12,210,9
2013-05-14,238,4,389,8
2013-05-15,264,12,438,18
2013-05-16,199,14,307,25
2013-05-17,224,9,339,19
2013-05-20,246,6,375,17
2013-05-21,191,2,317,12
2013-05-22,221,7,376,9
2013-05-23,43,14,28,14
2013-05-24,69,10,39,9
2013-05-28,225,9,194,13
2013-05-29,91,11,55,22
2013-05-30,141,7,127,9
2013-05-31,125,11,84,14
2013-06-03,143,4,70,19
2013-06-04,143,3,79,14
2013-06-05,45,9,20,23
2013-06-06,71,10,21,22
2013-06-07,128,12,86,13
2013-06-10,159,10,111,20
2013-06-11,91,16,38,37
2013-06-12,103,19,41,37
2013-06-13,84,19,61,28
2013-06-14,82,13,79,16
2013-06-17,116,19,129,9
2013-06-18,167,12,161,13
2013-06-19,124,11,114,39
2013-06-20,40,31,12,110
2013-06-21,57,33,32,83
2013-06-24,53,52,22,138
2013-06-25,73,28,34,30
2013-06-26,96,24,54,41
2013-06-27,122,16,83,16
2013-06-28,151,20,87,9
2013-07-01,235,7,160,4
2013-07-02,183,11,117,15
2013-07-03,111,13,49,31
2013-07-05,304,12,199,50
2013-07-08,362,5,263,12
2013-07-09,306,9,271,9
2013-07-10,233,7,192,16
2013-07-11,385,5,347,6
2013-07-12,298,4,247,8
2013-07-15,340,10,295,4
2013-07-16,259,6,182,4
2013-07-17,269,8,167,3
2013-07-18,334,7,309,7
2013-07-19,217,6,245,4
2013-07-22,275,3,315,5
2013-07-23,264,3,249,2
2013-07-24,239,5,188,2
2013-07-25,219,8,158,9
2013-07-26,152,6,105,8
2013-07-29,104,7,88,12
2013-07-30,123,8,118,13
2013-07-31,174,10,197,16
2013-08-01,287,7,381,13
2013-08-02,225,11,195,14
2013-08-05,220,3,189,15
2013-08-06,145,6,119,30
2013-08-07,97,16,58,30
2013-08-08,131,19,151,22
2013-08-09,110,16,126,17
2013-08-12,104,18,111,13
2013-08-13,122,18,137,21
2013-08-14,115,16,104,29
2013-08-15,35,31,22,45
2013-08-16,45,23,28,49
2013-08-19,49,27,17,80
2013-08-20,53,28,27,42
2013-08-21,59,21,28,44
2013-08-22,85,12,66,20
2013-08-23,94,14,61,10
2013-08-26,113,12,90,4
2013-08-27,32,22,14,31
2013-08-28,32,25,26,31
2013-08-29,60,18,26,18
2013-08-30,40,22,16,32
2013-09-03,88,18,47,37
2013-09-04,83,19,67,18
2013-09-05,115,10,86,16
2013-09-06,97,13,98,15
2013-09-09,132,10,139,6
2013-09-10,190,6,201,6
2013-09-11,155,8,159,12
2013-09-12,121,8,119,12
2013-09-13,95,9,86,13
2013-09-16,181,12,226,11
2013-09-17,137,13,150,14
2013-09-18,214,13,302,10
2013-09-19,216,10,318,4
2013-09-20,179,12,171,12
2013-09-23,127,15,78,18
2013-09-24,161,13,137,15
2013-09-25,154,7,103,8
2013-09-26,135,11,114,13
2013-09-27,90,12,69,15
2013-09-30,104,15,69,17
2013-10-01,198,13,197,8
2013-10-02,170,12,111,12
2013-10-03,115,15,100,18
2013-10-04,124,14,135,20
2013-10-07,76,15,43,18
2013-10-08,54,26,38,28
2013-10-09,29,39,23,32
2013-10-10,93,10,103,4
2013-10-11,152,11,171,11
2013-10-14,193,13,180,8
2013-10-15,145,8,157,10
2013-10-16,206,8,250,3
2013-10-17,237,14,299,5
2013-10-18,358,10,436,2
2013-10-21,328,7,337,3
2013-10-22,274,18,401,3
2013-10-23,165,24,144,5
2013-10-24,228,15,212,6
2013-10-25,231,16,234,6
2013-10-28,170,13,176,6
2013-10-29,210,15,223,3
2013-10-30,166,18,213,11
2013-10-31,107,38,132,18
2013-11-01,95,41,95,19
2013-11-04,111,26,143,10
2013-11-05,117,32,130,18
2013-11-06,136,34,161,16
2013-11-07,79,50,115,25
2013-11-08,136,31,107,30
2013-11-11,115,21,129,20
2013-11-12,114,33,100,17
2013-11-13,140,29,160,16
2013-11-14,174,29,229,14
2013-11-15,156,23,215,10
2013-11-18,193,18,265,14
2013-11-19,94,27,80,28
2013-11-20,92,16,73,26
2013-11-21,182,18,146,25
2013-11-22,230,13,213,28
2013-11-25,262,21,237,30
2013-11-26,240,21,181,40
2013-11-27,301,14,182,20
2013-11-29,314,6,206,7
2013-12-02,172,14,153,34
2013-12-03,99,18,56,43
2013-12-04,86,17,54,37
2013-12-05,82,19,53,24
2013-12-06,161,20,139,23
2013-12-09,149,25,147,22
2013-12-10,87,21,98,18
2013-12-11,58,32,46,32
2013-12-12,51,34,24,66
2013-12-13,58,17,47,41
2013-12-16,115,17,107,32
2013-12-17,87,19,75,33
2013-12-18,132,14,176,32
2013-12-19,138,11,162,33
2013-12-20,255,9,263,14
2013-12-23,318,5,311,9
2013-12-24,289,3,278,4
2013-12-26,284,6,341,3
2013-12-27,187,2,241,6
2013-12-30,149,4,177,5
2013-12-31,196,6,252,2
2014-01-02,95,5,78,8
2014-01-03,113,3,86,8
2014-01-06,135,8,129,9
2014-01-07,163,6,125,8
2014-01-08,178,8,149,11
2014-01-09,191,13,194,19
2014-01-10,169,10,197,10
2014-01-13,170,12,147,18
2014-01-14,148,10,110,10
2014-01-15,225,6,233,11
2014-01-16,185,9,187,15
2014-01-17,152,13,163,16
2014-01-21,215,10,219,20
2014-01-22,219,11,178,22
2014-01-23,112,12,87,32
2014-01-24,46,22,25,49
2014-01-27,45,26,19,51
2014-01-28,37,17,23,30
2014-01-29,44,18,21,61
2014-01-30,79,13,61,32
2014-01-31,78,24,43,53
2014-02-03,50,51,29,93
2014-02-04,33,36,18,51
2014-02-05,27,57,19,68
2014-02-06,40,23,37,24
2014-02-07,52,24,69,12
2014-02-10,64,9,56,13
2014-02-11,95,9,87,16
2014-02-12,112,11,111,12
2014-02-13,119,9,136,17
2014-02-14,112,5,136,10
2014-02-18,164,8,200,15
2014-02-19,125,7,148,15
2014-02-20,119,14,130,21
2014-02-21,180,11,169,10
2014-02-24,185,6,227,10
2014-02-25,126,14,126,14
2014-02-26,157,12,158,12
2014-02-27,128,4,120,13
2014-02-28,168,12,202,15
2014-03-03,60,13,80,9
2014-03-04,239,6,270,5
2014-03-05,170,6,186,7
2014-03-06,182,8,226,5
2014-03-07,146,6,184,8
2014-03-10,112,3,91,19
2014-03-11,130,9,103,19
2014-03-12,52,11,49,31
2014-03-13,76,20,68,29
2014-03-14,71,12,45,27
2014-03-17,118,10,106,14
2014-03-18,121,10,127,9
2014-03-19,133,10,111,19
2014-03-20,122,16,85,25
2014-03-21,156,17,181,17
2014-03-24,53,19,62,20
2014-03-25,45,17,74,11
2014-03-26,52,22,75,18
2014-03-27,19,42,40,21
2014-03-28,29,31,67,8
2014-03-31,62,21,121,7
2014-04-01,106,18,156,5
2014-04-02,106,12,172,1
2014-04-03,88,16,149,6
2014-04-04,59,36,158,12
2014-04-07,17,57,24,18
2014-04-08,21,29,27,11
2014-04-09,33,19,66,8
2014-04-10,20,38,49,22
2014-04-11,12,71,11,43
2014-04-14,27,66,50,35
2014-04-15,23,93,50,38
2014-04-16,34,22,85,6
2014-04-17,48,24,110,11
2014-04-21,62,29,91,12
2014-04-22,68,7,116,2
2014-04-23,46,13,118,5
2014-04-24,59,22,108,13
2014-04-25,23,41,50,25
2014-04-28,27,78,75,43
2014-04-29,29,41,93,23
2014-04-30,44,52,82,32
2014-05-01,50,46,102,32
2014-05-02,42,42,98,13
2014-05-05,30,51,58,24
2014-05-06,36,69,71,33
2014-05-07,33,130,111,65
2014-05-08,43,92,125,39
2014-05-09,14,104,50,55
2014-05-12,53,31,127,14
2014-05-13,44,21,111,16
2014-05-14,22,53,45,21
2014-05-15,8,86,24,48
2014-05-16,10,53,45,29
2014-05-19,28,29,54,13
2014-05-20,25,51,36,34
2014-05-21,23,44,60,33
2014-05-22,43,28,77,11
2014-05-23,41,24,85,7
2014-05-27,78,16,152,14
2014-05-28,56,11,95,24
2014-05-29,53,12,117,17
2014-05-30,55,18,125,22
2014-06-02,52,19,159,22
2014-06-03,51,54,121,24
2014-06-04,54,42,135,15
2014-06-05,83,31,222,15
2014-06-06,112,15,276,5
2014-06-09,154,11,245,2
2014-06-10,84,10,102,4
2014-06-11,70,10,79,5
2014-06-12,60,12,77,9
2014-06-13,59,20,68,9
2014-06-16,70,19,110,6
2014-06-17,84,14,114,4
2014-06-18,86,14,142,2
2014-06-19,89,16,211,7
2014-06-20,106,25,234,14
2014-06-23,90,18,183,13
2014-06-24,64,20,121,16
2014-06-25,46,25,84,21
2014-06-26,39,18,85,13
2014-06-27,79,21,151,9
2014-06-30,90,10,180,3
2014-07-01,170,8,284,4
2014-07-02,98,9,144,9
2014-07-03,94,5,162,3
2014-07-07,64,8,63,4
2014-07-08,25,24,39,14
2014-07-09,31,24,76,10
2014-07-10,20,46,62,27
2014-07-11,28,26,50,17
2014-07-14,48,26,96,12
2014-07-15,37,40,77,25
2014-07-16,48,38,105,19
2014-07-17,28,65,73,29
2014-07-18,33,46,92,17
2014-07-21,47,38,65,23
2014-07-22,63,27,134,15
2014-07-23,58,29,127,19
2014-07-24,53,27,159,13
2014-07-25,43,46,57,32
2014-07-28,36,62,53,46
2014-07-29,53,51,63,36
2014-07-30,52,50,63,43
2014-07-31,23,87,22,75
2014-08-01,18,100,13,80
2014-08-04,23,72,21,48
2014-08-05,29,59,20,47
2014-08-06,18,56,23,39
2014-08-07,17,62,31,43
2014-08-08,29,55,30,46
2014-08-11,53,25,63,14
2014-08-12,37,37,37,23
2014-08-13,48,38,65,21
2014-08-14,36,32,66,19
2014-08-15,52,44,83,28
2014-08-18,68,23,115,16
2014-08-19,78,16,150,12
2014-08-20,52,24,113,16
2014-08-21,49,33,134,16
2014-08-22,68,29,82,10
2014-08-25,87,19,122,14
2014-08-26,81,24,137,5
2014-08-27,70,9,118,4
2014-08-28,35,30,79,7
2014-08-29,66,23,126,10
2014-09-02,106,20,185,9
2014-09-03,93,26,163,11
2014-09-04,74,32,129,23
2014-09-05,49,42,81,22
2014-09-08,70,26,103,18
2014-09-09,52,49,55,32
2014-09-10,53,48,43,41
2014-09-11,69,40,41,33
2014-09-12,61,30,38,45
2014-09-15,34,69,24,59
2014-09-16,30,70,43,54
2014-09-17,60,41,70,45
2014-09-18,82,47,91,59
2014-09-19,78,84,111,69
2014-09-22,28,111,22,114
2014-09-23,21,103,10,103
2014-09-24,24,100,19,110
2014-09-25,18,119,7,143
2014-09-26,32,78,16,105
2014-09-29,38,115,16,111
2014-09-30,41,119,23,146
2014-10-01,15,195,9,210
2014-10-02,24,140,6,202
2014-10-03,31,36,24,62
2014-10-06,29,83,24,70
2014-10-07,14,139,12,168
2014-10-08,23,200,17,257
2014-10-09,24,146,24,206
2014-10-10,19,250,10,351
2014-10-13,21,223,7,306
2014-10-14,24,125,27,242
2014-10-15,16,212,7,383
2014-10-16,21,85,9,104
2014-10-17,29,25,13,13
2014-10-20,19,23,21,21
2014-10-21,40,19,55,15
2014-10-22,54,28,80,20
2014-10-23,53,34,90,29
2014-10-24,42,38,66,21
2014-10-27,40,49,87,48
2014-10-28,124,26,155,25
2014-10-29,108,26,165,28
2014-10-30,117,37,180,51
2014-10-31,213,23,290,46
2014-11-03,125,29,211,25
2014-11-04,91,32,167,70
2014-11-05,120,34,196,57
2014-11-06,108,42,134,51
2014-11-07,106,39,112,30
2014-11-10,130,31,157,21
2014-11-11,108,39,153,29
2014-11-12,121,39,97,35
2014-11-13,139,38,139,56
2014-11-14,72,32,67,41
2014-11-17,76,37,72,29
2014-11-18,92,39,125,27
2014-11-19,55,49,58,44
2014-11-20,61,41,75,28
2014-11-21,107,27,172,11
2014-11-24,102,29,120,14
2014-11-25,118,30,146,19
2014-11-26,103,28,120,30
2014-11-28,165,51,256,144
2014-12-01,51,105,95,199
2014-12-02,66,65,87,101
2014-12-03,113,43,149,57
2014-12-04,115,61,137,98
2014-12-05,145,68,174,115
2014-12-08,135,110,203,232
2014-12-09,90,122,108,174
2014-12-10,88,78,97,184
2014-12-11,87,62,102,155
2014-12-12,52,120,45,263
2014-12-15,42,132,20,250
2014-12-16,31,145,15,266
2014-12-17,54,60,49,68
2014-12-18,130,26,171,15
2014-12-19,130,36,200,15
2014-12-22,137,19,170,15
2014-12-23,169,29,266,17
2014-12-24,94,14,200,18
2014-12-26,132,14,210,12
2014-12-29,142,22,233,19
2014-12-30,113,15,123,28
2014-12-31,119,22,128,21
2015-01-02,64,10,29,15
2015-01-05,48,28,41,61
2015-01-06,34,51,64,96
2015-01-07,54,43,96,71
2015-01-08,90,24,169,24
2015-01-09,70,37,117,59
2015-01-12,73,74,107,129
2015-01-13,113,87,174,108
2015-01-14,38,113,77,190
2015-01-15,36,117,109,112
2015-01-16,36,89,133,88
2015-01-20,62,86,170,90
2015-01-21,41,77,79,49
2015-01-22,59,53,201,23
2015-01-23,84,32,226,33
2015-01-26,84,39,163,35
2015-01-27,61,45,149,34
2015-01-28,73,67,174,90
2015-01-29,33,85,67,128
2015-01-30,37,71,35,98
2015-02-02,24,76,23,55
2015-02-03,61,27,85,10
2015-02-04,72,21,100,14
2015-02-05,88,27,120,11
2015-02-06,104,21,121,10
2015-02-09,44,17,42,16
2015-02-10,55,30,68,23
2015-02-11,77,39,90,22
2015-02-12,114,13,144,10
2015-02-13,111,20,159,5
2015-02-17,106,13,140,8
2015-02-18,78,19,130,6
2015-02-19,106,17,137,10
2015-02-20,101,20,147,8
2015-02-23,109,29,146,20
2015-02-24,134,16,158,13
2015-02-25,119,11,122,12
2015-02-26,135,18,115,14
2015-02-27,96,22,85,25
2015-03-02,135,23,139,32
2015-03-03,74,29,76,22
2015-03-04,70,41,55,33
2015-03-05,87,34,73,38
2015-03-06,70,39,51,56
2015-03-09,68,52,47,71
2015-03-10,52,70,19,101
2015-03-11,57,63,36,89
2015-03-12,117,39,99,40
2015-03-13,94,38,68,95
2015-03-16,162,41,132,78
2015-03-17,106,40,94,50
2015-03-18,151,32,180,48
2015-03-19,141,23,124,29
2015-03-20,215,21,241,20
2015-03-23,148,23,203,17
2015-03-24,102,15,88,11
2015-03-25,66,30,57,12
2015-03-26,17,37,10,16
2015-03-27,32,35,36,26
2015-03-30,96,33,121,15
2015-03-31,75,33,91,25
2015-04-01,74,39,50,25
2015-04-02,100,26,95,10
2015-04-06,77,16,118,9
2015-04-07,66,21,78,3
2015-04-08,75,16,86,4
2015-04-09,80,19,88,5
2015-04-10,94,13,90,1
2015-04-13,103,18,88,3
2015-04-14,80,21,62,6
2015-04-15,107,14,95,7
2015-04-16,100,11,50,5
2015-04-17,37,31,15,9
2015-04-20,59,22,44,8
2015-04-21,90,19,72,8
2015-04-22,88,29,70,17
2015-04-23,117,24,99,10
2015-04-24,101,21,83,7
2015-04-27,102,32,79,13
2015-04-28,65,37,45,14
2015-04-29,59,44,43,24
2015-04-30,43,73,31,42
2015-05-01,29,53,40,36
2015-05-04,48,22,45,14
2015-05-05,38,58,42,42
2015-05-06,29,65,22,48
2015-05-07,41,45,27,42
2015-05-08,65,29,70,22
2015-05-11,60,30,59,17
2015-05-12,54,40,30,50
2015-05-13,67,25,52,26
2015-05-14,98,24,90,17
2015-05-15,93,23,84,10
2015-05-18,129,33,103,15
2015-05-19,120,37,116,21
2015-05-20,99,36,108,22
2015-05-21,83,30,71,20
2015-05-22,67,33,73,31
2015-05-26,40,58,28,54
2015-05-27,80,41,56,34
2015-05-28,83,36,63,33
2015-05-29,82,31,58,40
2015-06-01,101,49,69,51
2015-06-02,90,29,41,14
2015-06-03,142,14,100,28
2015-06-04,80,24,35,47
2015-06-05,115,34,63,76
2015-06-08,135,21,68,61
2015-06-09,93,28,49,65
2015-06-10,166,20,117,33
2015-06-11,121,20,108,34
2015-06-12,76,21,47,46
2015-06-15,106,44,44,85
2015-06-16,131,27,69,54
2015-06-17,148,26,94,43
2015-06-18,156,18,118,24
2015-06-19,145,29,97,24
2015-06-22,205,21,152,20
2015-06-23,177,18,140,20
2015-06-24,120,19,79,30
2015-06-25,113,33,74,71
2015-06-26,135,45,86,105
2015-06-29,50,92,20,152
2015-06-30,41,85,18,155
2015-07-01,76,80,60,143
2015-07-02,47,66,46,81
2015-07-06,38,104,35,167
2015-07-07,43,128,42,237
2015-07-08,32,114,16,156
2015-07-09,30,69,24,74
2015-07-10,70,41,47,56
2015-07-13,136,26,117,60
2015-07-14,126,17,103,31
2015-07-15,144,50,96,92
2015-07-16,178,49,130,90
2015-07-17,116,63,63,141
2015-07-20,112,101,96,203
2015-07-21,94,95,60,133
2015-07-22,97,114,62,227
2015-07-23,105,107,85,235
2015-07-24,45,167,29,303
2015-07-27,14,205,13,311
2015-07-28,37,137,28,153
2015-07-29,55,50,60,51
2015-07-30,63,62,73,60
2015-07-31,90,57,103,64
2015-08-03,80,116,64,150
2015-08-04,91,89,92,160
2015-08-05,132,89,129,210
2015-08-06,64,129,46,255
2015-08-07,21,113,27,146
2015-08-10,57,62,79,55
2015-08-11,40,89,31,100
2015-08-12,33,98,29,134
2015-08-13,47,61,57,92
2015-08-14,54,73,47,80
2015-08-17,88,53,87,92
2015-08-18,77,67,94,113
2015-08-19,33,100,34,200
2015-08-20,14,166,7,227
2015-08-21,12,215,7,405
2015-08-24,13,480,3,800
2015-08-25,7,103,3,210
2015-08-26,6,108,2,176
2015-08-27,17,27,4,14
2015-08-28,22,14,5,6
2015-08-31,23,14,5,20
2015-09-01,13,42,3,84
2015-09-02,21,35,4,67
2015-09-03,28,25,9,22
2015-09-04,11,50,4,127
2015-09-08,47,25,14,21
2015-09-09,44,42,23,40
2015-09-10,26,50,9,90
2015-09-11,32,72,9,120
2015-09-14,39,52,15,93
2015-09-15,40,49,21,54
2015-09-16,37,30,34,24
2015-09-17,60,26,44,19
2015-09-18,49,59,13,94
2015-09-21,36,53,11,73
2015-09-22,16,96,3,182
2015-09-23,27,112,9,211
2015-09-24,26,141,5,300
2015-09-25,42,133,15,124
2015-09-28,12,280,2,394
2015-09-29,16,258,3,368
2015-09-30,18,152,4,151
2015-10-01,16,160,8,127
2015-10-02,14,171,9,198
2015-10-05,45,25,40,7
2015-10-06,36,35,20,8
2015-10-07,44,27,29,6
2015-10-08,65,22,50,8
2015-10-09,67,22,57,8
2015-10-12,69,19,55,8
2015-10-13,63,32,39,10
2015-10-14,21,36,8,23
2015-10-15,46,36,29,23
2015-10-16,61,17,42,10
2015-10-19,52,25,50,16
2015-10-20,59,38,52,14
2015-10-21,66,61,47,35
2015-10-22,85,66,71,43
2015-10-23,141,40,89,46
2015-10-26,108,46,54,42
2015-10-27,58,89,33,96
2015-10-28,140,57,88,46
2015-10-29,106,49,82,32
2015-10-30,54,48,62,41
2015-11-02,79,28,64,21
2015-11-03,85,17,61,16
2015-11-04,71,25,56,19
2015-11-05,95,45,52,49
2015-11-06,147,49,59,65
2015-11-09,107,51,32,68
2015-11-10,77,68,24,62
2015-11-11,95,68,46,77
2015-11-12,32,100,13,135
2015-11-13,23,130,6,164
2015-11-16,23,109,8,107
2015-11-17,46,93,22,99
2015-11-18,61,77,38,67
2015-11-19,61,55,44,52
2015-11-20,70,45,72,77
2015-11-23,73,46,67,71
2015-11-24,62,52,42,57
2015-11-25,88,25,62,33
2015-11-27,90,22,69,33
2015-11-30,126,29,73,40
2015-12-01,116,35,75,32
2015-12-02,91,45,54,78
2015-12-03,59,58,31,116
2015-12-04,59,72,39,141
2015-12-07,59,106,38,222
2015-12-08,26,118,21,252
2015-12-09,32,93,23,114
2015-12-10,25,70,12,90
2015-12-11,18,130,4,250
2015-12-14,21,176,5,350
2015-12-15,30,89,23,114
2015-12-16,51,66,39,78
2015-12-17,47,74,37,139
2015-12-18,31,104,14,182
2015-12-21,35,68,17,140
2015-12-22,33,64,22,51
2015-12-23,39,26,36,6
2015-12-24,51,20,30,4
2015-12-28,40,32,22,13
2015-12-29,74,26,65,17
2015-12-30,52,33,36,18
2015-12-31,31,44,5,32
2016-01-04,9,84,2,130
2016-01-05,21,54,9,84
2016-01-06,24,108,10,234
2016-01-07,13,237,3,425
2016-01-08,16,248,3,456
2016-01-11,11,332,5,496
2016-01-12,11,260,2,453
2016-01-13,11,382,3,590
2016-01-14,6,373,2,548
2016-01-15,4,422,2,690
2016-01-19,7,309,5,477
2016-01-20,4,581,2,927
2016-01-21,4,71,1,60
2016-01-22,13,41,8,18
2016-01-25,9,79,9,80
2016-01-26,7,57,12,58
2016-01-27,9,78,14,46
2016-01-28,13,142,22,92
2016-01-29,29,86,38,42
2016-02-01,22,77,52,28
2016-02-02,20,109,23,106
2016-02-03,16,192,46,201
2016-02-04,10,66,19,51
2016-02-05,4,162,13,124
2016-02-08,5,390,15,342
2016-02-09,4,334,20,328
2016-02-10,6,162,18,129
2016-02-11,5,347,9,432
2016-02-12,8,101,10,86
2016-02-16,17,40,15,29
2016-02-17,16,31,22,15
2016-02-18,16,43,23,22
2016-02-19,20,36,24,34
2016-02-22,33,24,40,9
2016-02-23,21,33,24,22
2016-02-24,20,68,24,52
2016-02-25,28,33,58,25
2016-02-26,38,28,40,17
2016-02-29,34,25,20,16
2016-03-01,34,30,26,16
2016-03-02,28,14,37,10
2016-03-03,41,11,51,8
2016-03-04,35,12,60,9
2016-03-07,31,13,38,3
2016-03-08,17,13,44,8
2016-03-09,29,23,60,6
2016-03-10,24,26,53,11
2016-03-11,36,10,65,6
2016-03-14,31,8,38,5
2016-03-15,30,28,42,8
2016-03-16,33,43,79,13
2016-03-17,53,52,140,11
2016-03-18,69,21,110,7
2016-03-21,40,8,40,4
2016-03-22,34,18,35,6
2016-03-23,28,30,31,8
2016-03-24,22,42,26,13
2016-03-28,29,30,60,8
2016-03-29,60,37,130,6
2016-03-30,72,13,149,1
2016-03-31,52,11,81,5
2016-04-01,58,9,114,8
2016-04-04,61,9,101,5
2016-04-05,22,21,29,17
2016-04-06,32,12,36,11
2016-04-07,21,20,30,15
2016-04-08,28,18,44,9
2016-04-11,33,16,54,8
2016-04-12,30,13,45,9
2016-04-13,44,5,65,1
2016-04-14,49,4,56,1
2016-04-15,49,5,48,2
2016-04-18,63,13,86,2
2016-04-19,68,7,141,2
2016-04-20,56,7,78,1
2016-04-21,47,11,39,4
2016-04-22,44,12,36,5
2016-04-25,38,13,25,1
2016-04-26,49,17,54,1
2016-04-27,66,14,71,3
2016-04-28,58,13,76,9
2016-04-29,43,21,38,7
2016-05-02,49,22,61,8
2016-05-03,34,29,35,22
2016-05-04,33,50,63,23
2016-05-05,31,42,78,21
2016-05-06,28,58,77,28
2016-05-09,40,39,120,16
2016-05-10,46,43,133,13
2016-05-11,42,35,76,24
2016-05-12,29,75,77,36
2016-05-13,28,61,40,36
2016-05-16,46,39,71,14
2016-05-17,27,53,36,23
2016-05-18,24,43,22,26
2016-05-19,19,55,15,27
2016-05-20,33,21,29,14
2016-05-23,40,19,23,5
2016-05-24,77,17,65,13
2016-05-25,93,14,77,6
2016-05-26,52,13,53,13
2016-05-27,67,9,60,9
2016-05-31,78,11,75,3
2016-06-01,69,13,70,6
2016-06-02,80,12,89,4
2016-06-03,54,14,120,4
2016-06-06,89,14,117,4
2016-06-07,79,12,142,3
2016-06-08,96,14,201,2
2016-06-09,81,15,158,4
2016-06-10,30,25,99,19
2016-06-13,37,34,80,30
2016-06-14,18,55,21,40
2016-06-15,35,25,49,10
2016-06-16,28,40,55,38
2016-06-17,32,32,50,12
2016-06-20,61,27,99,6
2016-06-21,43,40,59,12
2016-06-22,56,31,60,13
2016-06-23,82,18,122,4
2016-06-24,28,86,78,48
2016-06-27,12,142,66,124
2016-06-28,24,36,82,26
2016-06-29,42,25,143,10
2016-06-30,79,16,220,19
2016-07-01,98,6,243,6
2016-07-05,76,15,155,25
2016-07-06,60,40,157,42
2016-07-07,60,18,61,19
2016-07-08,116,7,155,8
2016-07-11,150,9,227,4
2016-07-12,162,6,214,1
2016-07-13,120,9,156,2
2016-07-14,122,16,163,1
2016-07-15,73,10,97,4
2016-07-18,89,11,95,4
2016-07-19,55,17,81,2
2016-07-20,94,13,128,2
2016-07-21,74,13,104,3
2016-07-22,91,9,130,5
2016-07-25,89,12,107,7
2016-07-26,119,16,133,4
2016-07-27,129,13,126,7
2016-07-28,106,16,134,12
2016-07-29,101,19,181,13
2016-08-01,95,12,140,12
2016-08-02,54,24,71,19
2016-08-03,59,23,46,17
2016-08-04,75,20,80,6
2016-08-05,107,13,135,4
2016-08-08,97,11,116,3
2016-08-09,110,16,115,5
2016-08-10,83,29,104,8
2016-08-11,91,22,128,6
2016-08-12,74,19,89,11
2016-08-15,126,9,138,5
2016-08-16,68,12,62,7
2016-08-17,54,20,42,14
2016-08-18,75,24,87,10
2016-08-19,94,17,63,7
2016-08-22,86,18,49,9
2016-08-23,136,11,132,5
2016-08-24,96,17,53,8
2016-08-25,79,14,66,12
2016-08-26,123,12,115,11
2016-08-29,119,14,91,6
2016-08-30,135,14,99,6
2016-08-31,108,17,60,13
2016-09-01,104,23,64,17
2016-09-02,148,14,140,6
2016-09-06,173,17,157,4
2016-09-07,163,9,142,5
2016-09-08,115,15,108,5
2016-09-09,47,30,15,14
2016-09-12,35,36,18,23
2016-09-13,33,30,12,23
2016-09-14,43,33,11,18
2016-09-15,68,26,37,17
2016-09-16,78,28,32,15
2016-09-19,93,20,53,8
2016-09-20,65,20,25,18
2016-09-21,75,22,58,15
2016-09-22,152,8,114,15
2016-09-23,94,7,53,5
2016-09-26,55,20,33,9
2016-09-27,81,23,49,18
2016-09-28,102,25,77,11
2016-09-29,87,28,71,20
2016-09-30,95,27,78,16
2016-10-03,75,19,50,10
2016-10-04,78,17,53,20
2016-10-05,106,12,94,12
2016-10-06,74,14,81,20
2016-10-07,57,24,49,15
2016-10-10,128,17,112,7
2016-10-11,44,34,25,24
2016-10-12,34,35,23,23
2016-10-13,21,54,30,33
2016-10-14,29,45,47,16
2016-10-17,21,45,34,25
2016-10-18,38,35,58,13
2016-10-19,56,33,77,10
2016-10-20,58,42,58,17
2016-10-21,54,34,55,22
2016-10-24,99,28,89,11
2016-10-25,67,61,57,22
2016-10-26,51,53,31,36
2016-10-27,63,74,48,59
2016-10-28,49,80,42,57
2016-10-31,36,66,32,49
2016-11-01,39,87,29,63
2016-11-02,22,95,16,71
2016-11-03,32,137,13,75
2016-11-04,40,104,17,55
2016-11-07,65,45,58,21
2016-11-08,58,48,78,44
2016-11-09,194,67,169,54
2016-11-10,319,27,245,30
2016-11-11,336,27,198,26
2016-11-14,397,25,298,96
2016-11-15,169,16,136,10
2016-11-16,193,20,97,11
2016-11-17,250,20,154,10
2016-11-18,250,18,137,21
2016-11-21,252,15,185,12
2016-11-22,311,11,236,14
2016-11-23,312,17,238,22
2016-11-25,269,3,188,4
2016-11-28,200,8,122,6
2016-11-29,199,14,132,7
2016-11-30,195,21,194,14
2016-12-01,195,36,209,30
2016-12-02,113,31,87,22
2016-12-05,217,16,213,9
2016-12-06,294,16,247,8
2016-12-07,349,23,380,7
2016-12-08,468,18,441,8
2016-12-09,363,13,313,3
2016-12-12,228,16,234,3
2016-12-13,191,26,151,2
2016-12-14,112,32,83,8
2016-12-15,158,33,90,11
2016-12-16,166,20,98,10
2016-12-19,151,23,89,8
2016-12-20,226,17,166,9
2016-12-21,183,28,115,7
2016-12-22,134,27,67,11
2016-12-23,91,13,56,11
2016-12-27,186,14,107,10
2016-12-28,124,24,65,13
2016-12-29,96,24,38,10
2016-12-30,62,28,38,8
2017-01-03,129,17,115,6
2017-01-04,165,13,163,3
2017-01-05,97,10,112,3
2017-01-06,77,8,72,4
2017-01-09,65,13,39,8
2017-01-10,91,14,67,7
2017-01-11,108,16,101,12
2017-01-12,65,18,71,12
2017-01-13,121,11,108,7
2017-01-17,64,18,69,9
2017-01-18,77,24,62,12
2017-01-19,76,20,69,14
2017-01-20,78,22,71,12
2017-01-23,92,32,59,11
2017-01-24,133,27,175,7
2017-01-25,207,13,261,5
2017-01-26,155,19,205,6
2017-01-27,114,24,98,13
2017-01-30,52,31,26,19
2017-01-31,80,32,53,13
2017-02-01,133,16,104,8
2017-02-02,84,13,80,15
2017-02-03,144,23,123,12
2017-02-06,111,15,78,9
2017-02-07,105,24,96,15
2017-02-08,96,30,46,20
2017-02-09,147,15,109,6
2017-02-10,148,11,159,3
2017-02-13,195,14,204,2
2017-02-14,127,10,148,2
2017-02-15,159,10,199,5
2017-02-16,157,14,169,5
2017-02-17,131,13,110,5
2017-02-21,211,18,231,4
2017-02-22,138,20,166,8
2017-02-23,139,26,165,10
2017-02-24,95,37,92,13
2017-02-27,124,17,139,8
2017-02-28,99,32,95,7
2017-03-01,216,25,255,19
2017-03-02,125,22,89,17
2017-03-03,60,21,37,21
2017-03-06,60,29,31,38
2017-03-07,59,40,37,34
2017-03-08,75,28,33,35
2017-03-09,64,33,34,46
2017-03-10,84,18,65,32
2017-03-13,101,30,76,25
2017-03-14,53,32,47,37
2017-03-15,107,16,135,10
2017-03-16,122,18,143,5
2017-03-17,136,17,121,5
2017-03-20,98,27,87,16
2017-03-21,89,43,75,36
2017-03-22,26,53,28,52
2017-03-23,56,23,46,20
2017-03-24,67,23,53,13
2017-03-27,58,33,38,26
2017-03-28,88,11,62,13
2017-03-29,87,6,58,4
2017-03-30,85,13,61,7
2017-03-31,99,10,66,5
2017-04-03,89,18,66,15
2017-04-04,44,25,43,26
2017-04-05,65,35,75,28
2017-04-06,31,37,47,16
2017-04-07,54,24,54,9
2017-04-10,63,22,57,7
2017-04-11,62,23,73,4
2017-04-12,58,27,67,9
2017-04-13,39,27,40,17
2017-04-17,33,33,60,16
2017-04-18,43,36,83,15
2017-04-19,79,21,76,17
2017-04-20,110,21,102,15
2017-04-21,91,24,88,13
2017-04-24,183,20,184,11
2017-04-25,217,23,220,8
2017-04-26,207,10,225,11
2017-04-27,194,19,204,20
2017-04-28,115,23,109,26
2017-05-01,135,20,95,35
2017-05-02,148,19,123,29
2017-05-03,84,33,75,41
2017-05-04,111,41,103,70
2017-05-05,116,35,136,24
2017-05-08,125,31,111,27
2017-05-09,119,31,106,27
2017-05-10,131,34,82,18
2017-05-11,97,36,60,34
2017-05-12,85,43,60,36
2017-05-15,130,31,100,37
2017-05-16,142,37,122,56
2017-05-17,30,57,29,71
2017-05-18,46,66,24,66
2017-05-19,71,47,66,32
2017-05-22,96,36,110,17
2017-05-23,83,40,102,25
2017-05-24,86,42,84,30
2017-05-25,127,36,157,36
2017-05-26,88,36,104,34
2017-05-30,92,52,87,50
2017-05-31,95,63,130,77
2017-06-01,143,21,197,21
2017-06-02,207,19,263,22
2017-06-05,139,32,110,29
2017-06-06,96,47,85,36
2017-06-07,92,39,78,51
2017-06-08,139,32,110,42
2017-06-09,188,20,159,26
2017-06-12,85,22,96,8
2017-06-13,87,17,98,9
2017-06-14,75,27,120,19
2017-06-15,49,33,69,48
2017-06-16,58,38,109,53
2017-06-19,96,24,168,26
2017-06-20,64,28,93,67
2017-06-21,66,27,66,89
2017-06-22,81,21,64,55
2017-06-23,97,19,76,29
2017-06-26,122,14,100,9
2017-06-27,57,20,47,10
2017-06-28,69,18,83,13
2017-06-29,58,17,61,22
2017-06-30,58,18,46,13
2017-07-03,60,12,76,5
2017-07-05,58,17,59,20
2017-07-06,39,21,24,42
2017-07-07,34,33,56,60
2017-07-10,45,39,75,46
2017-07-11,49,37,60,37
2017-07-12,87,30,144,13
2017-07-13,62,23,86,13
2017-07-14,66,22,122,7
2017-07-17,71,15,104,9
2017-07-18,69,15,77,19
2017-07-19,101,14,145,15
2017-07-20,89,18,159,7
2017-07-21,91,26,114,10
2017-07-24,71,30,109,18
2017-07-25,129,19,183,9
2017-07-26,121,15,120,8
2017-07-27,120,22,124,21
2017-07-28,47,29,60,20
2017-07-31,64,31,87,20
2017-08-01,71,38,113,25
2017-08-02,56,47,92,49
2017-08-03,60,48,91,58
2017-08-04,63,45,97,48
2017-08-07,72,46,83,43
2017-08-08,85,49,106,52
2017-08-09,30,77,54,65
2017-08-10,28,90,42,94
2017-08-11,27,80,15,110
2017-08-14,54,39,49,36
2017-08-15,48,68,51,94
2017-08-16,47,50,75,72
2017-08-17,24,84,43,109
2017-08-18,21,88,31,123
2017-08-21,23,83,40,106
2017-08-22,36,40,73,31
2017-08-23,41,56,68,40
2017-08-24,36,32,69,31
2017-08-25,46,24,80,16
2017-08-28,53,30,61,43
2017-08-29,62,40,49,50
2017-08-30,85,32,56,34
2017-08-31,119,12,105,17
2017-09-01,121,16,130,12
2017-09-05,96,37,93,23
2017-09-06,80,33,87,17
2017-09-07,86,40,97,31
2017-09-08,86,37,107,38
2017-09-11,119,15,177,5
2017-09-12,108,16,132,3
2017-09-13,94,11,84,3
2017-09-14,89,14,78,2
2017-09-15,87,15,92,2
2017-09-18,151,13,135,7
2017-09-19,127,20,129,15
2017-09-20,123,13,142,15
2017-09-21,96,15,111,11
2017-09-22,99,13,120,12
2017-09-25,97,15,103,10
2017-09-26,122,17,115,6
2017-09-27,237,18,165,12
2017-09-28,185,14,127,11
2017-09-29,207,13,149,9
2017-10-02,255,12,209,14
2017-10-03,263,10,248,4
2017-10-04,197,13,198,5
2017-10-05,185,10,199,3
2017-10-06,150,9,144,8
2017-10-09,151,15,141,13
2017-10-10,159,14,161,9
2017-10-11,154,21,147,7
2017-10-12,147,25,162,19
2017-10-13,125,32,217,22
2017-10-16,126,23,164,19
2017-10-17,80,25,105,17
2017-10-18,97,18,140,15
2017-10-19,60,20,104,21
2017-10-20,181,13,215,21
2017-10-23,109,22,170,28
2017-10-24,97,31,170,36
2017-10-25,87,45,111,62
2017-10-26,118,40,167,47
2017-10-27,155,56,162,55
2017-10-30,86,39,110,32
2017-10-31,129,34,145,41
2017-11-01,113,40,177,39
2017-11-02,103,56,142,67
2017-11-03,117,55,121,57
2017-11-06,117,43,142,44
2017-11-07,96,60,139,50
2017-11-08,79,69,99,59
2017-11-09,63,64,70,39
2017-11-10,68,39,62,35
2017-11-13,62,52,86,52
2017-11-14,61,59,103,57
2017-11-15,45,54,70,70
2017-11-16,108,24,104,23
2017-11-17,93,14,88,14
2017-11-20,115,17,128,22
2017-11-21,170,18,201,16
2017-11-22,135,12,139,11
2017-11-24,102,16,125,9
2017-11-27,112,12,116,19
2017-11-28,128,15,191,29
2017-11-29,210,14,269,29
2017-11-30,187,13,258,27
2017-12-01,79,20,125,11
2017-12-04,180,18,251,10
2017-12-05,62,32,67,17
2017-12-06,38,50,39,24
2017-12-07,57,33,57,31
2017-12-08,68,23,84,15
2017-12-11,63,22,90,12
2017-12-12,60,24,91,12
2017-12-13,66,17,117,12
2017-12-14,58,28,69,28
2017-12-15,80,28,100,20
2017-12-18,150,14,223,6
2017-12-19,93,21,137,17
2017-12-20,73,18,120,17
2017-12-21,79,8,155,21
2017-12-22,53,15,92,11
2017-12-26,81,9,132,9
2017-12-27,70,10,107,13
2017-12-28,65,16,107,12
2017-12-29,75,21,134,8
2018-01-02,92,13,149,15
2018-01-03,110,9,179,19
2018-01-04,117,12,239,20
2018-01-05,116,9,204,22
2018-01-08,130,20,206,16
2018-01-09,129,21,237,26
2018-01-10,91,27,144,42
2018-01-11,176,13,240,21
2018-01-12,215,10,337,33
2018-01-16,238,21,334,24
2018-01-17,112,24,160,27
2018-01-18,125,20,161,37
2018-01-19,170,23,221,32
2018-01-22,204,12,239,14
2018-01-23,224,10,244,11
2018-01-24,193,13,295,9
2018-01-25,120,10,234,19
2018-01-26,159,15,254,20
2018-01-29,151,21,217,50
2018-01-30,43,34,44,67
2018-01-31,87,40,82,58
2018-02-01,77,54,73,65
2018-02-02,51,82,36,117
2018-02-05,19,125,13,178
2018-02-06,22,155,5,219
2018-02-07,27,35,19,28
2018-02-08,24,72,15,143
2018-02-09,16,137,4,203
2018-02-12,24,25,8,63
2018-02-13,23,35,16,21
2018-02-14,43,34,31,31
2018-02-15,71,25,60,14
2018-02-16,75,13,67,7
2018-02-20,80,16,53,13
2018-02-21,94,21,68,36
2018-02-22,61,33,27,43
2018-02-23,70,43,37,21
2018-02-26,104,19,80,15
2018-02-27,89,34,84,37
2018-02-28,58,62,42,92
2018-03-01,37,69,9,117
2018-03-02,63,51,22,101
2018-03-05,104,25,43,26
2018-03-06,119,15,76,18
2018-03-07,136,16,88,26
2018-03-08,146,13,98,23
2018-03-09,193,7,118,17
2018-03-12,209,11,130,11
2018-03-13,169,11,86,13
2018-03-14,61,19,44,24
2018-03-15,72,40,24,69
2018-03-16,104,29,35,32
2018-03-19,62,38,25,53
2018-03-20,67,46,35,54
2018-03-21,87,26,52,36
2018-03-22,34,38,17,65
2018-03-23,20,62,13,114
2018-03-26,38,64,21,84
2018-03-27,44,54,29,56
2018-03-28,23,59,10,53
2018-03-29,38,45,26,24
2018-04-02,16,88,11,80
2018-04-03,24,49,15,47
2018-04-04,34,54,24,39
2018-04-05,56,23,48,6
2018-04-06,37,36,24,27
2018-04-09,24,32,20,24
2018-04-10,44,22,40,12
2018-04-11,44,15,36,14
2018-04-12,65,14,45,17
2018-04-13,47,21,38,16
2018-04-16,64,17,55,9
2018-04-17,103,14,95,8
2018-04-18,104,13,128,8
2018-04-19,68,23,71,30
2018-04-20,45,28,40,45
2018-04-23,64,41,50,46
2018-04-24,67,50,60,41
2018-04-25,45,55,20,39
2018-04-26,62,27,47,36
2018-04-27,53,37,51,27
2018-04-30,56,28,60,37
2018-05-01,43,50,28,70
2018-05-02,78,31,62,47
2018-05-03,52,57,46,90
2018-05-04,88,29,64,41
2018-05-07,109,15,94,31
2018-05-08,109,33,66,34
2018-05-09,154,38,138,33
2018-05-10,159,23,131,16
2018-05-11,127,28,106,15
2018-05-14,116,17,101,15
2018-05-15,80,21,57,47
2018-05-16,118,27,114,19
2018-05-17,142,21,130,21
2018-05-18,135,21,105,33
2018-05-21,172,17,171,27
2018-05-22,146,19,121,11
2018-05-23,79,24,30,27
2018-05-24,102,21,53,23
2018-05-25,104,14,63,29
2018-05-29,93,30,45,53
2018-05-30,183,28,138,26
2018-05-31,133,32,90,47
2018-06-01,171,21,97,30
2018-06-04,209,19,146,20
2018-06-05,220,21,153,35
2018-06-06,265,9,171,33
2018-06-07,226,12,152,38
2018-06-08,136,7,100,16
2018-06-11,152,14,124,13
2018-06-12,147,13,109,10
2018-06-13,159,16,93,15
2018-06-14,155,19,83,19
2018-06-15,143,29,68,39
2018-06-18,156,26,94,41
2018-06-19,127,24,57,37
2018-06-20,199,17,109,20
2018-06-21,132,25,72,36
2018-06-22,125,25,81,18
2018-06-25,67,35,35,59
2018-06-26,71,32,39,39
2018-06-27,56,47,51,79
2018-06-28,46,66,28,102
2018-06-29,50,36,34,35
2018-07-02,50,35,27,63
2018-07-03,76,21,49,12
2018-07-05,82,11,53,17
2018-07-06,129,9,102,12
2018-07-09,133,10,106,5
2018-07-10,108,12,110,7
2018-07-11,66,24,43,15
2018-07-12,95,21,78,18
2018-07-13,87,16,89,16
2018-07-16,63,22,44,25
2018-07-17,86,19,58,11
2018-07-18,99,21,62,20
2018-07-19,93,25,69,25
2018-07-20,108,24,73,18
2018-07-23,104,37,68,20
2018-07-24,118,36,75,23
2018-07-25,69,56,80,35
2018-07-26,106,39,121,20
2018-07-27,64,54,64,20
2018-07-30,25,55,37,20
2018-07-31,38,50,69,19
2018-08-01,61,53,66,27
2018-08-02,91,62,78,43
2018-08-03,77,42,93,22
2018-08-06,75,34,83,21
2018-08-07,104,37,103,26
2018-08-08,76,47,76,33
2018-08-09,96,38,100,25
2018-08-10,75,67,62,64
2018-08-13,56,56,42,87
2018-08-14,80,42,71,51
2018-08-15,58,77,46,106
2018-08-16,78,41,76,37
2018-08-17,79,46,91,34
2018-08-20,112,32,116,19
2018-08-21,148,17,139,10
2018-08-22,104,9,93,14
2018-08-23,123,20,85,32
2018-08-24,138,16,100,23
2018-08-27,150,22,126,8
2018-08-28,101,18,95,16
2018-08-29,111,14,121,18
2018-08-30,92,27,93,33
2018-08-31,118,19,75,28
2018-09-04,146,30,112,58
2018-09-05,98,34,82,68
2018-09-06,86,46,96,60
2018-09-07,97,43,75,72
2018-09-10,104,43,85,48
2018-09-11,102,70,81,78
2018-09-12,74,55,82,39
2018-09-13,115,29,122,37
2018-09-14,116,36,103,31
2018-09-17,54,46,76,25
2018-09-18,61,44,78,20
2018-09-19,54,22,64,18
2018-09-20,55,14,76,6
2018-09-21,66,19,92,13
2018-09-24,38,24,42,26
2018-09-25,64,31,68,30
2018-09-26,57,50,51,48
2018-09-27,54,41,32,66
2018-09-28,71,53,52,81
2018-10-01,93,50,74,59
2018-10-02,33,64,32,56
2018-10-03,29,42,61,53
2018-10-04,21,54,31,74
2018-10-05,22,81,21,117
2018-10-08,15,83,26,99
2018-10-09,18,75,42,96
2018-10-10,11,141,33,167
2018-10-11,4,201,4,245
2018-10-12,8,171,4,239
2018-10-15,13,95,7,82
2018-10-16,17,51,12,51
2018-10-17,11,40,12,59
2018-10-18,12,79,6,163
2018-10-19,10,155,16,170
2018-10-22,11,201,17,196
2018-10-23,9,308,8,325
2018-10-24,14,343,22,334
2018-10-25,15,194,8,185
2018-10-26,12,253,7,312
2018-10-29,19,183,13,224
2018-10-30,18,142,20,151
2018-10-31,37,76,13,52
2018-11-01,28,40,19,30
2018-11-02,37,31,19,34
2018-11-05,31,33,28,19
2018-11-06,36,44,43,34
2018-11-07,53,41,64,28
2018-11-08,68,47,67,35
2018-11-09,37,77,46,60
2018-11-12,22,100,53,77
2018-11-13,18,87,19,89
2018-11-14,20,118,18,91
2018-11-15,19,102,13,117
2018-11-16,27,75,38,66
2018-11-19,17,106,40,70
2018-11-20,8,192,26,211
2018-11-21,10,56,10,39
2018-11-23,17,41,3,80
2018-11-26,15,55,10,53
2018-11-27,13,80,19,91
2018-11-28,31,71,36,90
2018-11-29,30,32,32,32
2018-11-30,42,42,49,57
2018-12-03,60,40,72,32
2018-12-04,34,139,68,156
2018-12-06,8,255,32,326
2018-12-07,10,150,30,172
2018-12-10,13,248,10,355
2018-12-11,18,164,30,190
2018-12-12,17,106,29,70
2018-12-13,14,202,18,210
2018-12-14,11,295,13,342
2018-12-17,9,379,3,446
2018-12-18,9,348,3,322
2018-12-19,8,462,5,501
2018-12-20,5,623,3,669
2018-12-21,5,598,1,622
2018-12-24,4,641,2,803
2018-12-26,5,409,3,621
2018-12-27,5,167,2,93
2018-12-28,7,56,1,26
2018-12-31,10,53,3,40
2019-01-02,8,46,3,46
2019-01-03,7,28,9,30
2019-01-04,8,11,5,6
2019-01-07,20,11,5,8
2019-01-08,22,9,11,6
2019-01-09,18,2,9,4
2019-01-10,14,2,9,4
2019-01-11,20,2,14,4
2019-01-14,14,10,9,13
2019-01-15,25,7,11,8
2019-01-16,25,7,14,5
2019-01-17,25,12,11,6
2019-01-18,28,14,23,6
2019-01-22,19,21,14,14
2019-01-23,18,28,19,7
2019-01-24,25,17,23,11
2019-01-25,38,13,41,3
2019-01-28,31,20,25,12
2019-01-29,28,18,42,6
2019-01-30,26,21,52,11
2019-01-31,46,14,73,2
2019-02-01,46,11,72,9
2019-02-04,50,10,48,4
2019-02-05,58,4,66,4
2019-02-06,43,9,44,5
2019-02-07,33,16,46,18
2019-02-08,41,19,53,16
2019-02-11,56,11,70,11
2019-02-12,68,5,75,3
2019-02-13,61,11,59,4
2019-02-14,58,11,48,5
2019-02-15,79,5,83,1
2019-02-19,80,11,91,3
2019-02-20,89,8,75,3
2019-02-21,65,7,72,4
2019-02-22,98,13,121,3
2019-02-25,114,4,113,3
2019-02-26,41,10,49,7
2019-02-27,61,17,58,15
2019-02-28,63,14,76,10
2019-03-01,86,12,82,10
2019-03-04,73,12,86,11
2019-03-05,28,12,48,18
2019-03-06,21,19,28,26
2019-03-07,19,34,31,38
2019-03-08,27,35,20,43
2019-03-11,52,16,72,20
2019-03-12,56,12,97,9
2019-03-13,57,20,107,12
2019-03-14,53,23,71,15
2019-03-15,66,22,98,14
2019-03-18,57,19,71,11
2019-03-19,58,16,83,10
2019-03-20,46,29,59,33
2019-03-21,78,23,115,21
2019-03-22,21,64,86,48
2019-03-25,17,68,26,52
2019-03-26,32,21,84,18
2019-03-27,25,29,65,23
2019-03-28,38,18,53,22
2019-03-29,51,13,81,16
2019-04-01,69,9,101,9
2019-04-02,51,20,81,12
2019-04-03,73,21,108,12
2019-04-04,46,16,48,7
2019-04-05,63,10,65,6
2019-04-08,59,16,53,4
2019-04-09,43,16,31,12
2019-04-10,62,25,68,10
2019-04-11,65,19,77,12
2019-04-12,84,25,118,14
2019-04-15,77,28,110,14
2019-04-16,90,22,92,18
2019-04-17,64,38,61,23
2019-04-18,41,41,57,20
2019-04-22,32,39,42,26
2019-04-23,75,25,105,16
2019-04-24,95,23,102,18
2019-04-25,59,32,55,36
2019-04-26,73,18,87,23
2019-04-29,78,10,91,12
2019-04-30,80,25,107,25
2019-05-01,79,30,124,32
2019-05-02,48,37,47,49
2019-05-03,81,20,97,10
2019-05-06,57,15,64,22
2019-05-07,43,38,26,34
2019-05-08,47,45,27,33
2019-05-09,39,66,24,70
2019-05-10,48,61,44,54
2019-05-13,25,89,25,97
2019-05-14,41,54,41,43
2019-05-15,53,45,61,52
2019-05-16,89,37,102,37
2019-05-17,53,58,56,60
2019-05-20,34,98,44,93
2019-05-21,55,48,69,48
2019-05-22,43,84,56,70
2019-05-23,21,126,43,145
2019-05-24,35,76,73,70
2019-05-28,40,94,64,89
2019-05-29,16,153,10,171
2019-05-30,17,97,15,104
2019-05-31,10,172,21,213
2019-06-03,22,118,43,92
2019-06-04,38,47,58,14
2019-06-05,68,64,121,52
2019-06-06,65,94,141,78
2019-06-07,101,59,190,38
2019-06-10,88,26,103,21
2019-06-11,55,48,64,27
2019-06-12,39,53,58,65
2019-06-13,42,30,72,34
2019-06-14,41,44,77,54
2019-06-17,56,47,80,62
2019-06-18,72,25,123,22
2019-06-19,51,32,99,22
2019-06-20,113,23,208,25
2019-06-21,61,38,77,44
2019-06-24,34,43,77,54
2019-06-25,24,57,57,61
2019-06-26,20,49,18,41
2019-06-27,28,36,26,24
2019-06-28,67,24,75,11
2019-07-01,118,14,134,6
2019-07-02,60,30,87,23
2019-07-03,60,30,87,23
2019-07-05,59,26,77,15
2019-07-08,46,30,79,21
2019-07-09,48,33,72,33
2019-07-10,90,29,153,20
2019-07-11,73,39,92,36
2019-07-12,75,37,106,20
2019-07-15,79,40,112,33
2019-07-16,74,42,81,31
2019-07-17,51,56,59,54
2019-07-18,58,64,71,79
2019-07-19,70,51,83,63
2019-07-22,39,67,26,67
2019-07-23,43,69,43,48
2019-07-24,74,50,72,24
2019-07-25,75,61,75,56
2019-07-26,102,51,110,53
2019-07-29,66,56,103,59
2019-07-30,75,51,84,60
2019-07-31,102,49,112,38
2019-08-01,68,92,83,112
2019-08-02,17,125,31,136
2019-08-05,13,187,25,231
2019-08-06,20,132,30,145
2019-08-07,32,146,62,185
2019-08-08,69,53,122,42
2019-08-09,55,86,99,96
2019-08-12,33,121,59,175
2019-08-13,49,81,63,116
2019-08-14,24,178,17,244
2019-08-15,21,196,38,244
2019-08-16,40,53,77,42
2019-08-19,60,33,122,18
2019-08-20,45,52,77,45
2019-08-21,53,43,81,32
2019-08-22,51,48,91,41
2019-08-23,41,143,82,172
2019-08-26,12,95,21,114
2019-08-27,33,149,74,183
2019-08-28,24,121,28,156
2019-08-29,37,36,70,41
2019-08-30,30,36,86,27
2019-09-03,36,90,91,76
2019-09-04,50,44,130,25
2019-09-05,66,25,104,6
2019-09-06,55,22,74,15
2019-09-09,52,30,68,9
2019-09-10,35,23,47,3
2019-09-11,52,5,74,2
2019-09-12,79,11,93,3
2019-09-13,69,10,75,5
2019-09-16,43,10,38,6
2019-09-17,43,14,42,3
2019-09-18,44,19,54,5
2019-09-19,62,28,64,3
2019-09-20,44,25,50,10
2019-09-23,39,23,53,12
2019-09-24,38,54,64,20
2019-09-25,34,45,38,15
2019-09-26,31,52,86,26
2019-09-27,24,51,39,21
2019-09-30,29,56,49,17
2019-10-01,29,71,37,45
2019-10-02,10,102,9,78
2019-10-03,9,75,24,75
2019-10-04,20,40,44,25
2019-10-07,24,47,46,25
2019-10-08,9,87,31,73
2019-10-09,13,69,43,56
2019-10-10,16,69,25,36
2019-10-11,40,15,62,9
2019-10-14,19,47,23,30
2019-10-15,41,24,42,17
2019-10-16,33,22,54,20
2019-10-17,49,24,96,20
2019-10-18,44,25,81,25
2019-10-21,73,21,129,23
2019-10-22,63,21,122,19
2019-10-23,45,21,87,15
2019-10-24,53,21,95,18
2019-10-25,68,22,80,19
2019-10-28,92,21,105,13
2019-10-29,83,36,107,27
2019-10-30,62,39,97,33
2019-10-31,74,39,93,52
2019-11-01,98,28,115,17
2019-11-04,113,17,140,7
2019-11-05,129,21,122,15
2019-11-06,64,38,62,18
2019-11-07,101,43,122,26
2019-11-08,67,39,71,26
2019-11-11,61,41,61,37
2019-11-12,102,50,78,40
2019-11-13,75,53,52,46
2019-11-14,66,45,67,46
2019-11-15,94,41,80,35
2019-11-18,89,58,75,45
2019-11-19,94,49,89,54
2019-11-20,82,36,72,50
2019-11-21,51,45,35,43
2019-11-22,57,37,36,18
2019-11-25,112,28,90,8
2019-11-26,114,33,101,13
2019-11-27,108,20,124,11
2019-11-29,108,20,124,11
2019-12-02,58,27,35,27
2019-12-03,35,43,20,43
2019-12-04,62,28,50,8
2019-12-05,57,36,47,11
2019-12-06,111,24,112,8
2019-12-09,76,23,70,7
2019-12-10,69,32,66,12
2019-12-11,80,22,77,7
2019-12-12,158,19,159,8
2019-12-13,128,17,132,8
2019-12-16,193,24,152,7
2019-12-17,148,21,110,4
2019-12-18,143,28,108,3
2019-12-19,116,19,102,8
2019-12-20,162,15,176,3
2019-12-23,119,17,111,8
2019-12-24,119,17,111,8
2019-12-26,98,10,105,3
2019-12-27,83,10,113,2
2019-12-30,72,11,61,3
2019-12-31,88,9,51,6
2020-01-02,110,10,113,2
2020-01-03,59,9,64,7
2020-01-06,65,15,65,5
2020-01-07,96,10,75,8
2020-01-08,113,9,115,8
2020-01-09,140,9,134,10
2020-01-10,91,15,103,14
2020-01-13,132,12,127,18
2020-01-14,143,16,130,6
2020-01-15,144,17,150,6
2020-01-16,182,6,182,5
2020-01-17,188,9,226,7
2020-01-21,127,18,155,24
2020-01-22,156,19,193,22
2020-01-23,87,24,121,37
2020-01-24,110,34,134,44
2020-01-27,29,58,45,72
2020-01-28,60,26,79,42
2020-01-29,64,39,114,48
2020-01-30,52,63,98,87
2020-01-31,50,80,63,102
2020-02-03,53,55,54,73
2020-02-04,106,31,145,35
2020-02-05,114,20,142,13
2020-02-06,112,24,148,24
2020-02-07,71,46,80,48
2020-02-10,98,59,95,73
2020-02-11,134,22,177,38
2020-02-12,139,27,160,20
2020-02-13,137,27,161,36
2020-02-14,127,27,180,50
2020-02-18,115,34,166,65
2020-02-19,161,27,160,49
2020-02-20,128,34,150,57
2020-02-21,77,45,103,76
2020-02-24,18,110,35,187
2020-02-25,24,160,15,268
2020-02-26,17,165,7,266
2020-02-27,19,344,4,467
2020-02-28,15,399,3,534
2020-03-02,20,104,3,136
2020-03-03,19,138,7,144
2020-03-04,30,111,18,112
2020-03-05,22,300,16,323
2020-03-06,14,438,12,536
2020-03-09,3,805,7,906
2020-03-10,5,492,8,448
2020-03-11,3,670,2,645
2020-03-12,3,670,2,645
2020-03-13,1,531,2,440
2020-03-16,1,531,2,440
2020-03-17,5,707,7,833
2020-03-18,5,707,7,833
2020-03-19,9,471,5,458
2020-03-20,2,196,1,225
2020-03-23,1,430,2,537
2020-03-24,4,54,1,39
2020-03-25,2,39,1,33
2020-03-26,3,10,1,8
2020-03-27,5,21,1,19
2020-03-30,5,12,2,34
2020-03-31,14,14,2,10
2020-04-01,9,48,1,66
2020-04-02,5,84,1,78
2020-04-03,4,116,2,117
2020-04-06,11,18,4,8
2020-04-07,9,11,6,8
2020-04-08,7,4,4,1
2020-04-09,10,2,8,1
2020-04-13,14,6,7,4
2020-04-14,26,7,16,2
2020-04-15,26,13,6,8
2020-04-16,41,50,16,17
2020-04-17,33,4,14,3
2020-04-20,34,11,16,8
2020-04-21,21,23,8,20
2020-04-22,28,9,12,15
2020-04-23,38,12,21,12
2020-04-24,37,9,12,19
2020-04-27,51,5,24,6
2020-04-28,41,3,26,3
2020-04-29,37,3,17,3
2020-04-30,22,8,11,1
2020-05-01,10,15,3,2
2020-05-04,14,10,6,10
2020-05-05,36,10,16,5
2020-05-06,44,18,17,11
2020-05-07,44,7,20,10
2020-05-08,59,1,22,2
2020-05-11,89,10,24,10
2020-05-12,83,32,21,19
2020-05-13,28,76,12,50
2020-05-14,20,99,11,82
2020-05-15,37,12,22,9
2020-05-18,80,5,36,1
2020-05-19,49,4,19,2
2020-05-20,62,6,20,1
2020-05-21,50,4,16,1
2020-05-22,56,5,13,6
2020-05-26,85,6,26,1
2020-05-27,33,5,13,1
2020-05-28,58,4,29,1
2020-05-29,53,5,19,7
2020-06-01,84,1,30,1
2020-06-02,70,2,35,1
2020-06-03,80,3,46,1
2020-06-04,36,5,24,1
2020-06-05,75,1,46,1
2020-06-08,68,1,31,1
2020-06-09,37,1,13,1
2020-06-10,69,1,19,1
2020-06-11,13,4,3,1
2020-06-12,12,6,6,1
2020-06-15,35,8,13,1
2020-06-16,71,2,27,1
2020-06-17,85,3,26,1
2020-06-18,62,1,23,1
2020-06-19,105,1,42,3
2020-06-22,97,5,36,3
2020-06-23,126,2,38,3
2020-06-24,35,5,10,8
2020-06-25,57,8,14,8
2020-06-26,52,15,22,11
2020-06-29,38,11,15,1
2020-06-30,63,2,27,3
2020-07-01,74,2,27,1
2020-07-02,109,2,53,1
2020-07-06,134,4,58,1
2020-07-07,77,9,41,2
2020-07-08,87,9,59,4
2020-07-09,104,21,66,7
2020-07-10,69,10,37,1
2020-07-13,107,6,66,4
2020-07-14,30,13,20,8
2020-07-15,65,1,69,1
2020-07-16,47,3,43,1
2020-07-17,80,1,59,1
2020-07-20,112,6,84,4
2020-07-21,115,5,101,1
2020-07-22,74,7,85,3
2020-07-23,97,7,99,3
2020-07-24,24,9,21,3
2020-07-27,54,16,80,4
2020-07-28,50,14,57,4
2020-07-29,72,10,86,5
2020-07-30,86,19,57,4
2020-07-31,97,16,53,5
2020-08-03,145,9,94,8
2020-08-04,119,8,70,4
2020-08-05,154,5,112,2
2020-08-06,130,1,77,1
2020-08-07,99,1,73,4
2020-08-10,90,1,82,1
2020-08-11,78,2,73,1
2020-08-12,64,6,54,1
2020-08-13,56,4,35,1
2020-08-14,41,3,29,2
2020-08-17,69,4,58,2
2020-08-18,60,6,57,2
2020-08-19,60,7,44,4
2020-08-20,53,8,25,6
2020-08-21,45,14,44,7
2020-08-24,71,18,61,5
2020-08-25,46,8,46,5
2020-08-26,76,6,51,7
2020-08-27,53,10,55,7
2020-08-28,73,7,36,6
2020-08-31,73,10,44,6
2020-09-01,99,13,72,10
2020-09-02,131,15,117,8
2020-09-03,25,23,27,7
2020-09-04,18,35,9,11
2020-09-08,27,17,5,15
2020-09-09,27,12,17,14
2020-09-10,35,11,26,16
2020-09-11,19,17,14,11
2020-09-14,37,7,35,4
2020-09-15,54,6,59,5
2020-09-16,68,8,57,4
2020-09-17,31,6,25,6
2020-09-18,60,10,36,14
2020-09-21,17,23,4,28
2020-09-22,21,35,19,16
2020-09-23,26,54,17,39
2020-09-24,6,70,1,44
2020-09-25,15,24,6,16
2020-09-28,37,11,20,3
2020-09-29,48,19,27,10
2020-09-30,50,18,40,3
2020-10-01,56,20,51,11
2020-10-02,49,15,46,13
2020-10-05,95,4,83,3
2020-10-06,101,5,99,3
2020-10-07,114,4,96,6
2020-10-08,116,2,119,2
2020-10-09,127,4,138,2
2020-10-12,142,7,131,2
2020-10-13,106,10,64,1
2020-10-14,101,6,53,7
2020-10-15,42,9,48,10
2020-10-16,88,11,89,6
2020-10-19,88,14,57,9
2020-10-20,61,15,47,4
2020-10-21,42,14,44,9
2020-10-22,47,12,38,12
2020-10-23,46,6,53,4
2020-10-26,22,21,11,15
2020-10-27,28,25,20,15
2020-10-28,11,45,10,51
2020-10-29,23,38,15,58
2020-10-30,18,36,15,20
2020-11-02,21,15,18,6
2020-11-03,40,14,49,3
2020-11-04,99,11,65,6
2020-11-05,136,10,111,8
2020-11-06,114,15,93,7
2020-11-09,220,6,234,3
2020-11-10,63,7,39,4
2020-11-11,64,3,28,1
2020-11-12,65,1,13,1
2020-11-13,73,6,29,1
2020-11-16,136,2,95,1
2020-11-17,85,2,70,1
2020-11-18,121,1,93,1
2020-11-19,71,3,28,1
2020-11-20,103,1,37,1
2020-11-23,145,2,98,1
2020-11-24,164,3,177,1
2020-11-25,97,1,59,1
2020-11-27,131,2,70,1
2020-11-30,136,2,46,1
2020-12-01,153,2,76,1
2020-12-02,70,2,46,1
2020-12-03,149,1,91,1
2020-12-04,183,1,156,1
2020-12-07,191,2,110,1
2020-12-08,195,7,118,1
2020-12-09,192,6,169,1
2020-12-10,113,6,85,2
2020-12-11,130,7,75,1
2020-12-14,173,5,109,1
2020-12-15,155,6,94,2
2020-12-16,150,6,117,4
2020-12-17,209,6,141,5
2020-12-18,248,2,175,1
2020-12-21,154,5,65,3
2020-12-22,258,2,120,1
2020-12-23,215,1,132,1
2020-12-24,99,2,54,1
2020-12-28,185,8,113,1
2020-12-29,68,8,42,1
2020-12-30,88,4,59,1
2020-12-31,99,2,56,2
2021-01-04,126,4,108,3
2021-01-05,93,1,89,3
2021-01-06,275,1,306,1
2021-01-07,307,1,305,1
2021-01-08,275,1,219,1
2021-01-11,150,1,115,1
2021-01-12,247,1,219,1
2021-01-13,196,1,124,1
2021-01-14,291,1,188,1
2021-01-15,138,1,57,1
2021-01-19,257,2,113,1
2021-01-20,301,2,141,1
2021-01-21,189,1,110,1
2021-01-22,147,2,66,1
2021-01-25,260,1,134,1
2021-01-26,161,1,81,1
2021-01-27,129,4,81,1
2021-01-28,72,2,33,1
2021-01-29,47,3,27,1
2021-02-01,76,3,39,1
2021-02-02,131,2,63,1
2021-02-03,134,1,60,1
2021-02-04,191,1,103,1
2021-02-05,238,1,157,1
2021-02-08,370,1,216,1
2021-02-09,353,1,186,1
2021-02-10,342,1,188,1
2021-02-11,239,2,149,1
2021-02-12,204,2,161,1
2021-02-16,333,2,244,1
2021-02-17,151,1,82,1
2021-02-18,79,2,55,1
2021-02-19,178,1,140,2
2021-02-22,197,1,228,3
2021-02-23,131,8,149,2
2021-02-24,229,1,282,1
2021-02-25,164,5,194,1
2021-02-26,47,10,35,4
2021-03-01,150,3,131,1
2021-03-02,119,2,94,3
2021-03-03,196,10,179,3
2021-03-04,125,29,102,4
2021-03-05,153,30,138,5
2021-03-08,302,4,289,3
2021-03-09,211,1,160,1
2021-03-10,252,2,216,2
2021-03-11,265,1,281,1
2021-03-12,326,1,297,1
2021-03-15,230,1,240,1
2021-03-16,125,1,112,1
2021-03-17,101,2,124,1
2021-03-18,183,4,242,1
2021-03-19,97,4,50,1
2021-03-22,88,5,47,1
2021-03-23,41,10,21,1
2021-03-24,35,21,21,1
2021-03-25,25,31,28,2
2021-03-26,65,14,106,3
2021-03-29,70,15,127,4
2021-03-30,40,18,45,2
2021-03-31,61,5,76,1
2021-04-01,68,3,63,2
2021-04-05,130,4,162,2
2021-04-06,107,2,161,1
2021-04-07,59,5,88,1
2021-04-08,67,7,95,1
2021-04-09,68,8,123,4
2021-04-12,81,17,178,6
2021-04-13,58,23,118,5
2021-04-14,76,5,165,4
2021-04-15,81,13,190,8
2021-04-16,112,22,306,8
2021-04-19,76,25,174,9
2021-04-20,50,37,126,10
2021-04-21,68,16,161,7
2021-04-22,83,8,187,1
2021-04-23,100,9,217,1
2021-04-26,134,6,288,1
2021-04-27,112,1,170,2
2021-04-28,98,4,229,1
2021-04-29,141,10,335,1
2021-04-30,84,16,126,7
2021-05-03,125,17,246,4
2021-05-04,106,37,208,6
2021-05-05,102,38,236,6
2021-05-06,101,65,279,7
2021-05-07,143,21,384,5
2021-05-10,196,50,531,7
2021-05-11,27,69,41,17
2021-05-12,38,21,47,11
2021-05-13,40,56,34,20
2021-05-14,86,12,104,3
2021-05-17,87,15,137,4
2021-05-18,93,8,174,4
2021-05-19,25,14,24,12
2021-05-20,54,8,64,6
2021-05-21,92,6,99,4
2021-05-24,89,21,114,9
2021-05-25,66,23,107,9
2021-05-26,45,18,63,7
2021-05-27,106,6,136,6
2021-05-28,93,7,117,5
2021-06-01,144,7,286,6
2021-06-02,105,12,242,1
2021-06-03,86,10,119,8
2021-06-04,105,8,172,5
2021-06-07,152,4,240,6
2021-06-08,156,1,250,4
2021-06-09,119,1,194,1
2021-06-10,96,4,180,1
2021-06-11,83,1,122,2
2021-06-14,105,3,152,4
2021-06-15,84,1,97,5
2021-06-16,83,10,101,8
2021-06-17,65,16,65,10
2021-06-18,36,22,27,9
2021-06-21,59,21,49,6
2021-06-22,60,20,65,5
2021-06-23,78,14,82,1
2021-06-24,93,11,99,4
2021-06-25,126,5,130,3
2021-06-28,85,10,52,6
2021-06-29,72,14,50,2
2021-06-30,57,11,44,3
2021-07-01,70,9,86,3
2021-07-02,67,19,77,5
2021-07-06,56,30,68,11
2021-07-07,73,57,86,16
2021-07-08,34,65,25,20
2021-07-09,54,16,75,1
2021-07-12,82,14,103,5
2021-07-13,54,34,49,4
2021-07-14,45,67,59,8
2021-07-15,31,92,44,10
2021-07-16,39,53,78,9
2021-07-19,19,113,10,30
2021-07-20,47,36,74,11
2021-07-21,61,16,90,5
2021-07-22,60,23,55,8
2021-07-23,66,70,110,18
2021-07-26,67,71,89,17
2021-07-27,36,107,67,24
2021-07-28,42,24,76,10
2021-07-29,90,23,154,7
2021-07-30,68,45,124,14
2021-08-02,79,28,138,8
2021-08-03,76,64,95,15
2021-08-04,77,57,103,16
2021-08-05,98,48,103,17
2021-08-06,92,39,122,15
2021-08-09,66,39,54,14
2021-08-10,68,50,103,20
2021-08-11,69,61,121,9
2021-08-12,73,72,107,18
2021-08-13,72,70,105,14
2021-08-16,54,117,101,30
2021-08-17,29,147,58,38
2021-08-18,35,75,48,26
2021-08-19,26,131,31,41
2021-08-20,46,117,61,28
2021-08-23,85,23,76,10
2021-08-24,78,17,65,6
2021-08-25,93,17,94,5
2021-08-26,71,21,60,10
2021-08-27,111,18,117,7
2021-08-30,134,8,140,5
2021-08-31,95,8,100,3
2021-09-01,117,4,121,2
2021-09-02,131,4,178,4
2021-09-03,100,8,125,8
2021-09-07,97,10,82,13
2021-09-08,56,23,65,14
2021-09-09,58,21,51,12
2021-09-10,45,24,52,14
2021-09-13,43,39,44,9
2021-09-14,45,47,34,20
2021-09-15,47,51,41,26
2021-09-16,63,45,47,29
2021-09-17,48,37,43,19
2021-09-20,17,78,5,35
2021-09-21,30,38,15,17
2021-09-22,44,30,35,6
2021-09-23,81,20,66,15
2021-09-24,68,38,60,20
2021-09-27,98,39,102,20
2021-09-28,52,54,70,31
2021-09-29,30,74,37,34
2021-09-30,40,76,35,27
2021-10-01,56,79,75,29
2021-10-04,66,107,95,32
2021-10-05,66,99,96,30
2021-10-06,30,119,25,38
2021-10-07,82,44,99,10
2021-10-08,74,58,103,19
2021-10-11,71,73,130,25
2021-10-12,34,54,64,23
2021-10-13,41,24,47,10
2021-10-14,69,20,120,3
2021-10-15,114,18,169,10
2021-10-18,60,47,103,12
2021-10-19,64,23,103,7
2021-10-20,83,29,144,3
2021-10-21,93,19,138,2
2021-10-22,118,73,165,10
2021-10-25,130,50,166,8
2021-10-26,113,40,144,9
2021-10-27,63,76,58,24
2021-10-28,98,61,96,24
2021-10-29,114,42,107,26
2021-11-01,170,18,148,6
2021-11-02,163,24,144,17
2021-11-03,206,20,183,8
2021-11-04,199,16,178,17
2021-11-05,275,43,224,13
2021-11-08,199,27,193,7
2021-11-09,103,33,111,9
2021-11-10,82,50,97,15
2021-11-11,100,55,72,24
2021-11-12,108,51,97,19
2021-11-15,101,56,106,17
2021-11-16,126,80,113,20
2021-11-17,97,117,64,32
2021-11-18,82,178,79,39
2021-11-19,82,139,72,45
2021-11-22,132,227,100,55
2021-11-23,65,232,43,62
2021-11-24,38,105,51,34
2021-11-26,38,105,51,34
2021-11-29,24,174,20,67
2021-11-30,16,280,13,116
2021-12-01,37,249,23,104
2021-12-02,13,255,9,85
2021-12-03,13,321,18,85
2021-12-06,19,280,43,59
2021-12-07,46,13,73,4
2021-12-08,35,19,63,1
2021-12-09,32,35,33,18
2021-12-10,28,70,44,26
2021-12-13,27,145,74,57
2021-12-14,13,206,23,59
2021-12-15,29,290,57,110
2021-12-16,44,84,91,27
2021-12-17,27,187,34,75
2021-12-20,10,170,6,117
2021-12-21,24,46,30,15
2021-12-22,32,41,44,14
2021-12-23,55,30,74,5
2021-12-27,86,55,108,5
2021-12-28,104,102,143,12
2021-12-29,72,153,137,28
2021-12-30,63,56,131,13
2021-12-31,41,57,87,10
2022-01-03,62,30,65,7
2022-01-04,93,59,119,20
2022-01-05,64,162,114,45
2022-01-06,66,267,62,71
2022-01-07,68,130,90,39
2022-01-10,64,301,85,78
2022-01-11,30,54,77,13
2022-01-12,51,67,102,15
2022-01-13,71,191,112,35
2022-01-14,58,293,81,70
2022-01-18,66,332,83,92
2022-01-19,25,338,36,89
2022-01-20,18,296,21,78
2022-01-21,9,528,4,161
2022-01-24,6,680,4,230
2022-01-25,11,76,13,23
2022-01-26,21,143,33,55
2022-01-27,15,346,31,128
2022-01-28,11,460,8,179
2022-01-31,20,23,18,4
2022-02-01,33,6,43,9
2022-02-02,33,26,60,9
2022-02-03,22,78,47,30
2022-02-04,24,124,53,69
2022-02-07,25,52,43,20
2022-02-08,49,55,56,19
2022-02-09,43,27,81,10
2022-02-10,37,66,77,19
2022-02-11,30,110,55,39
2022-02-14,23,126,19,52
2022-02-15,38,33,28,15
2022-02-16,48,66,58,21
2022-02-17,22,145,18,57
2022-02-18,17,219,19,84
2022-02-22,22,281,28,128
2022-02-23,20,319,20,152
2022-02-24,16,562,19,288
2022-02-25,35,39,43,17
2022-02-28,49,46,65,20
2022-03-01,42,91,90,57
2022-03-02,54,68,110,22
2022-03-03,47,115,89,47
2022-03-04,50,224,116,127
2022-03-07,57,312,158,223
2022-03-08,37,306,89,217
2022-03-09,30,33,13,10
2022-03-10,26,97,33,50
2022-03-11,34,172,50,87
2022-03-14,28,348,25,149
2022-03-15,28,212,21,81
2022-03-16,25,44,31,13
2022-03-17,30,13,39,5
2022-03-18,41,17,48,7
2022-03-21,58,16,100,5
2022-03-22,60,12,72,1
2022-03-23,48,29,70,12
2022-03-24,55,31,75,17
2022-03-25,59,41,142,18
2022-03-28,36,49,59,29
2022-03-29,55,12,100,2
2022-03-30,48,16,88,7
2022-03-31,57,54,87,34
2022-04-01,52,45,79,45
2022-04-04,38,32,68,26
2022-04-05,47,48,91,55
2022-04-06,37,125,62,122
2022-04-07,44,139,55,138
2022-04-08,45,102,101,56
2022-04-11,32,173,63,65
2022-04-12,36,133,77,46
2022-04-13,50,111,90,35
2022-04-14,58,131,123,35
2022-04-18,56,228,132,78
2022-04-19,61,99,81,38
2022-04-20,81,90,139,29
2022-04-21,77,204,140,59
2022-04-22,42,298,14,104
2022-04-25,24,311,7,182
2022-04-26,29,385,4,192
2022-04-27,25,440,13,203
2022-04-28,32,421,17,188
2022-04-29,24,241,16,119
2022-05-02,15,313,9,214
2022-05-03,28,121,19,48
2022-05-04,36,220,49,92
2022-05-05,26,273,46,135
2022-05-06,17,488,21,240
2022-05-09,13,691,13,380
2022-05-10,10,581,7,435
2022-05-11,6,618,8,329
2022-05-12,6,704,3,452
2022-05-13,9,73,10,18
2022-05-16,19,113,30,31
2022-05-17,22,42,46,17
2022-05-18,12,133,24,93
2022-05-19,11,157,12,139
2022-05-20,19,222,15,188
2022-05-23,26,68,31,34
2022-05-24,21,246,24,163
2022-05-25,29,117,41,41
2022-05-26,33,57,80,19
2022-05-27,45,44,80,10
2022-05-31,48,30,96,7
2022-06-01,35,63,48,21
2022-06-02,32,52,57,14
2022-06-03,38,30,45,10
2022-06-06,59,49,68,14
2022-06-07,49,55,90,19
2022-06-08,38,34,78,16
2022-06-09,24,64,13,60
2022-06-10,16,201,5,151
2022-06-13,17,464,4,427
2022-06-14,13,437,5,421
2022-06-15,22,158,7,155
2022-06-16,11,564,3,596
2022-06-17,10,173,3,294
2022-06-21,24,70,9,62
2022-06-22,10,137,6,150
2022-06-23,23,124,7,170
2022-06-24,33,46,10,21
2022-06-27,22,44,14,14
2022-06-28,26,62,9,29
2022-06-29,12,149,4,100
2022-06-30,12,212,12,193
2022-07-01,11,144,14,112
2022-07-05,14,215,6,219
2022-07-06,21,72,13,116
2022-07-07,24,31,14,17
2022-07-08,25,32,11,23
2022-07-11,18,91,9,82
2022-07-12,17,97,12,99
2022-07-13,23,156,6,125
2022-07-14,30,196,6,265
2022-07-15,37,54,12,48
2022-07-18,35,23,17,13
2022-07-19,40,17,16,7
2022-07-20,43,13,16,9
2022-07-21,33,17,16,19
2022-07-22,45,22,24,20
2022-07-25,64,27,27,26
2022-07-26,65,48,23,30
2022-07-27,69,32,35,22
2022-07-28,87,35,55,25
2022-07-29,73,32,48,20
2022-08-01,74,34,41,24
2022-08-02,55,24,26,18
2022-08-03,59,18,34,21
2022-08-04,74,17,29,25
2022-08-05,80,27,34,26
2022-08-08,103,12,38,4
2022-08-09,57,42,30,27
2022-08-10,76,32,59,13
2022-08-11,87,14,63,9
2022-08-12,99,14,58,7
2022-08-15,66,12,53,7
2022-08-16,63,14,56,6
2022-08-17,30,23,31,17
2022-08-18,53,28,48,18
2022-08-19,30,43,24,29
2022-08-22,15,81,15,49
2022-08-23,22,71,22,32
2022-08-24,31,47,26,45
2022-08-25,39,22,29,17
2022-08-26,26,79,22,71
2022-08-29,15,112,17,94
2022-08-30,11,128,6,103
2022-08-31,13,124,10,110
2022-09-01,15,222,7,184
2022-09-02,22,116,9,66
2022-09-06,10,206,13,146
2022-09-07,17,138,12,90
2022-09-08,22,90,20,46
2022-09-09,29,34,28,5
2022-09-12,32,25,33,3
2022-09-13,13,92,13,51
2022-09-14,13,153,27,104
2022-09-15,9,137,12,87
2022-09-16,11,240,6,202
2022-09-19,12,181,12,95
2022-09-20,16,212,13,179
2022-09-21,16,218,15,205
2022-09-22,9,365,9,368
2022-09-23,5,485,6,544
2022-09-26,5,360,3,492
2022-09-27,7,327,7,434
2022-09-28,13,138,6,146
2022-09-29,7,317,6,409
2022-09-30,9,217,3,229
2022-10-03,17,154,8,147
2022-10-04,24,24,14,3
2022-10-05,22,52,15,41
2022-10-06,21,62,16,89
2022-10-07,11,194,8,219
2022-10-10,8,252,9,198
2022-10-11,11,339,7,287
2022-10-12,9,237,5,173
2022-10-13,21,375,18,366
2022-10-14,21,102,19,38
2022-10-17,24,49,20,10
2022-10-18,33,35,22,7
2022-10-19,21,104,19,66
2022-10-20,19,120,20,86
2022-10-21,21,151,29,110
2022-10-24,36,131,48,54
2022-10-25,40,45,48,15
2022-10-26,61,30,59,12
2022-10-27,32,20,45,8
2022-10-28,37,20,35,17
2022-10-31,81,47,69,12
2022-11-01,75,46,77,14
2022-11-02,58,93,52,48
2022-11-03,33,164,35,113
2022-11-04,52,144,68,87
2022-11-07,53,97,59,51
2022-11-08,59,97,67,47
2022-11-09,32,174,25,75
2022-11-10,76,40,58,10
2022-11-11,60,29,61,6
2022-11-14,40,30,39,8
2022-11-15,45,26,45,6
2022-11-16,24,49,29,18
2022-11-17,20,65,20,30
2022-11-18,30,46,50,13
2022-11-21,43,64,30,22
2022-11-22,59,76,55,27
2022-11-23,52,29,52,8
2022-11-25,52,29,52,8
2022-11-28,43,49,24,22
2022-11-29,24,55,30,25
2022-11-30,57,59,57,22
2022-12-01,64,24,75,5
2022-12-02,48,30,51,13
2022-12-05,30,44,28,23
2022-12-06,19,90,10,57
2022-12-07,29,92,14,50
2022-12-08,43,75,25,33
2022-12-09,21,67,22,28
2022-12-12,24,90,10,33
2022-12-13,45,77,53,16
2022-12-14,29,80,28,38
2022-12-15,22,135,16,66
2022-12-16,26,163,13,104
2022-12-19,27,172,13,96
2022-12-20,29,157,16,81
2022-12-21,32,93,31,30
2022-12-22,34,179,21,107
2022-12-23,28,84,24,28
2022-12-27,32,171,36,51
2022-12-28,21,163,26,79
2022-12-29,29,44,24,21
2022-12-30,33,49,23,12
2023-01-03,28,34,29,24
2023-01-04,28,28,29,7
2023-01-05,32,47,26,31
2023-01-06,52,42,52,16
2023-01-09,49,16,55,4
2023-01-10,40,17,28,3
2023-01-11,48,11,50,1
2023-01-12,65,11,71,3
2023-01-13,60,3,68,3
2023-01-17,46,4,79,4
2023-01-18,45,7,59,4
2023-01-19,20,15,8,11
2023-01-20,37,7,20,11
2023-01-23,50,9,45,3
2023-01-24,44,14,62,13
2023-01-25,38,17,41,8
2023-01-26,64,19,65,5
2023-01-27,54,16,61,2
2023-01-30,23,4,27,4
2023-01-31,54,7,55,1
2023-02-01,94,9,115,1
2023-02-02,112,7,134,2
2023-02-03,90,9,86,1
2023-02-06,54,9,33,4
2023-02-07,60,12,58,6
2023-02-08,53,10,44,3
2023-02-09,55,27,57,2
2023-02-10,24,28,26,7
2023-02-13,37,22,49,5
2023-02-14,49,32,65,4
2023-02-15,48,27,60,3
2023-02-16,59,23,64,6
2023-02-17,58,35,42,4
2023-02-21,21,42,22,17
2023-02-22,18,51,18,21
2023-02-23,30,58,32,16
2023-02-24,22,87,26,30
2023-02-27,39,46,48,17
2023-02-28,60,52,47,24
2023-03-01,52,68,57,35
2023-03-02,43,86,57,36
2023-03-03,62,28,99,10
2023-03-06,54,52,62,12
2023-03-07,36,78,25,35
2023-03-08,34,88,23,37
2023-03-09,36,173,31,66
2023-03-10,11,295,10,129
2023-03-13,8,351,6,183
2023-03-14,11,97,9,62
2023-03-15,8,215,4,160
2023-03-16,24,138,10,105
2023-03-17,14,146,9,115
2023-03-20,13,111,8,44
2023-03-21,35,49,12,13
2023-03-22,29,95,16,59
2023-03-23,36,184,17,145
2023-03-24,20,187,10,169
2023-03-27,33,56,21,10
2023-03-28,23,63,24,11
2023-03-29,43,52,31,9
2023-03-30,39,69,33,9
2023-03-31,62,49,55,3
2023-04-03,63,51,50,5
2023-04-04,45,123,36,23
2023-04-05,28,138,23,34
2023-04-06,24,92,22,27
2023-04-10,29,77,21,20
2023-04-11,44,47,36,3
2023-04-12,47,105,48,10
2023-04-13,47,105,48,10
2023-04-14,33,128,35,28
2023-04-17,39,112,45,22
2023-04-18,48,100,56,19
2023-04-19,39,72,42,22
2023-04-20,39,67,64,18
2023-04-21,41,101,45,31
2023-04-24,41,98,40,23
2023-04-25,28,233,30,74
2023-04-26,17,247,16,74
2023-04-27,30,110,33,38
2023-04-28,37,76,55,13
2023-05-01,58,101,69,21
2023-05-02,36,288,30,107
2023-05-03,55,179,68,69
2023-05-04,42,316,25,155
2023-05-05,64,56,33,28
2023-05-08,49,47,40,26
2023-05-09,54,122,41,48
2023-05-10,67,109,43,42
2023-05-11,51,142,30,53
2023-05-12,39,143,36,67
2023-05-15,41,68,33,26
2023-05-16,36,92,30,63
2023-05-17,54,61,38,38
2023-05-18,77,33,66,26
2023-05-19,71,37,63,21
2023-05-22,77,41,38,18
2023-05-23,72,25,16,11
2023-05-24,25,57,8,43
2023-05-25,43,81,25,86
2023-05-26,66,53,35,49
2023-05-30,76,63,41,55
2023-05-31,34,98,15,85
2023-06-01,51,62,23,62
2023-06-02,72,15,72,5
2023-06-05,76,27,33,12
2023-06-06,92,28,90,11
2023-06-07,109,11,138,2
2023-06-08,60,16,69,5
2023-06-09,67,19,56,8
2023-06-12,90,20,78,5
2023-06-13,120,13,116,2
2023-06-14,72,28,95,9
2023-06-15,70,31,86,10
2023-06-16,96,24,131,5
2023-06-20,53,32,59,12
2023-06-21,58,46,78,17
2023-06-22,44,50,43,26
2023-06-23,33,58,42,37
2023-06-26,37,55,50,18
2023-06-27,52,57,97,18
2023-06-28,60,51,100,18
2023-06-29,74,32,135,10
2023-06-30,99,24,191,6
2023-07-03,99,24,191,6
2023-07-05,29,27,40,5
2023-07-06,15,48,15,18
2023-07-07,36,28,41,12
2023-07-10,47,20,68,15
2023-07-11,81,15,128,6
2023-07-12,107,15,193,6
2023-07-13,114,16,147,4
2023-07-14,78,27,91,15
2023-07-17,128,25,127,15
2023-07-18,138,24,177,9
2023-07-19,133,18,134,3
2023-07-20,62,22,96,6
2023-07-21,71,20,82,4
2023-07-24,45,32,87,5
2023-07-25,59,37,111,6
2023-07-26,59,35,100,5
2023-07-27,83,40,135,11
2023-07-28,65,30,96,8
2023-07-31,76,21,121,4
2023-08-01,66,27,90,10
2023-08-02,40,50,48,24
2023-08-03,45,40,69,29
2023-08-04,45,35,99,29
2023-08-07,52,66,84,23
2023-08-08,39,80,53,44
2023-08-09,58,74,63,23
2023-08-10,51,68,55,19
2023-08-11,34,59,29,22
2023-08-14,39,66,31,39
2023-08-15,35,71,25,59
2023-08-16,20,92,26,60
2023-08-17,7,98,12,57
2023-08-18,9,83,12,69
2023-08-21,26,77,19,58
2023-08-22,27,77,23,55
2023-08-23,35,56,26,39
2023-08-24,28,84,21,45
2023-08-25,14,79,19,39
2023-08-28,45,48,36,8
2023-08-29,41,31,56,11
2023-08-30,52,30,80,6
2023-08-31,55,40,54,9
2023-09-01,65,39,92,22
2023-09-05,38,77,40,67
2023-09-06,27,81,26,64
2023-09-07,18,118,29,77
2023-09-08,23,95,37,65
2023-09-11,31,74,49,44
2023-09-12,38,77,49,54
2023-09-13,14,84,38,46
2023-09-14,28,68,50,25
2023-09-15,28,87,34,42
2023-09-18,25,109,28,55
2023-09-19,24,115,37,54
2023-09-20,30,110,33,39
2023-09-21,14,184,12,117
2023-09-22,22,157,13,103
2023-09-25,24,178,16,131
2023-09-26,19,164,9,138
2023-09-27,21,134,25,151
2023-09-28,20,129,36,98
2023-09-29,21,69,24,43
2023-10-02,13,175,11,162
2023-10-03,11,238,6,228
2023-10-04,13,205,7,168
2023-10-05,20,151,10,121
2023-10-06,24,139,22,140
2023-10-09,25,129,25,63
2023-10-10,41,67,41,9
2023-10-11,37,92,31,32
2023-10-12,30,175,33,115
2023-10-13,22,181,26,98
2023-10-16,24,88,35,36
2023-10-17,35,65,49,21
2023-10-18,17,133,26,58
2023-10-19,11,188,14,99
2023-10-20,2,222,4,116
2023-10-23,7,264,5,185
2023-10-24,13,162,3,106
2023-10-25,14,267,6,193
2023-10-26,10,201,12,111
2023-10-27,10,249,17,187
2023-10-30,6,192,10,134
2023-10-31,11,108,10,67
2023-11-01,19,139,27,96
2023-11-02,31,71,52,35
2023-11-03,45,26,71,12
2023-11-06,28,26,28,13
2023-11-07,36,42,28,32
2023-11-08,34,82,31,39
2023-11-09,31,115,36,54
2023-11-10,42,122,38,67
2023-11-13,44,74,47,53
2023-11-14,99,27,104,5
2023-11-15,98,21,81,3
2023-11-16,28,32,38,9
2023-11-17,55,28,52,6
2023-11-20,69,20,73,3
2023-11-21,44,28,63,10
2023-11-22,79,30,72,12
2023-11-24,79,30,72,12
2023-11-27,71,23,92,11
2023-11-28,55,41,60,14
2023-11-29,73,31,76,11
2023-11-30,63,34,84,13
2023-12-01,89,20,145,5
2023-12-04,112,10,140,6
2023-12-05,77,15,72,11
2023-12-06,84,18,115,18
2023-12-07,69,22,40,19
2023-12-08,90,22,88,7
2023-12-11,101,23,106,15
2023-12-12,104,32,128,28
2023-12-13,174,38,208,16
2023-12-14,228,16,303,2
2023-12-15,154,34,144,6
2023-12-18,113,27,91,7
2023-12-19,167,21,185,4
2023-12-20,187,18,184,9
2023-12-21,70,17,72,11
2023-12-22,160,13,156,2
2023-12-26,200,10,174,3
2023-12-27,207,8,189,2
2023-12-28,131,7,96,4
2023-12-29,71,10,65,3
2024-01-02,66,13,31,3
2024-01-03,40,18,34,5
2024-01-04,55,15,48,5
2024-01-05,36,19,46,10
2024-01-08,65,22,43,8
2024-01-09,57,27,30,14
2024-01-10,61,33,51,20
2024-01-11,45,40,55,23
2024-01-12,57,27,83,16
2024-01-16,55,58,43,41
2024-01-17,39,70,33,59
2024-01-18,47,53,54,33
2024-01-19,80,65,95,28
2024-01-22,148,43,156,24
2024-01-23,94,23,74,5
2024-01-24,123,25,101,9
2024-01-25,92,24,75,10
2024-01-26,83,16,92,9
2024-01-29,115,24,97,12
2024-01-30,115,16,153,11
2024-01-31,69,34,121,18
2024-02-01,65,48,103,27
2024-02-02,66,61,129,38
2024-02-05,53,78,59,62
2024-02-06,67,45,71,34
2024-02-07,101,48,128,24
2024-02-08,113,37,120,22
2024-02-09,150,29,140,18
2024-02-12,160,14,180,7
2024-02-13,25,54,29,38
2024-02-14,75,34,76,26
2024-02-15,125,21,171,8
2024-02-16,123,27,162,9
2024-02-20,58,37,83,16
2024-02-21,41,42,64,22
2024-02-22,93,49,165,26
2024-02-23,99,56,196,30
2024-02-26,124,40,158,27
2024-02-27,135,26,142,15
2024-02-28,106,44,137,25
2024-02-29,117,30,155,15
2024-03-01,150,40,186,15
2024-03-04,166,56,221,31
2024-03-05,80,58,115,34
2024-03-06,100,60,140,25
2024-03-07,104,36,198,17
2024-03-08,108,23,182,10
2024-03-11,45,27,65,12
2024-03-12,43,50,96,15
2024-03-13,79,44,163,16
2024-03-14,49,89,93,31
2024-03-15,47,69,80,30
2024-03-18,52,58,104,20
2024-03-19,48,50,118,20
2024-03-20,72,43,207,21
2024-03-21,126,17,300,8
2024-03-22,76,39,151,17
2024-03-25,77,51,135,16
2024-03-26,65,51,101,19
2024-03-27,86,20,162,9
2024-03-28,114,9,247,3
2024-04-01,81,28,131,10
2024-04-02,39,55,82,28
2024-04-03,73,63,142,24
2024-04-04,92,41,182,10
2024-04-05,50,60,81,25
2024-04-08,60,29,100,12
2024-04-09,45,32,83,6
2024-04-10,23,103,23,33
2024-04-11,35,66,33,22
2024-04-12,25,112,49,45
2024-04-15,16,154,13,59
2024-04-16,13,174,6,80
2024-04-17,11,121,7,40
2024-04-18,10,127,7,41
2024-04-19,11,104,10,19
2024-04-22,26,80,23,23
2024-04-23,35,25,52,11
2024-04-24,33,47,50,21
2024-04-25,17,101,40,34
2024-04-26,39,45,75,15
2024-04-29,49,30,66,7
2024-04-30,33,63,53,28
2024-05-01,49,57,47,36
2024-05-02,51,41,74,23
2024-05-03,87,21,99,13
2024-05-06,93,20,133,14
2024-05-07,100,27,164,11
2024-05-08,64,46,109,21
2024-05-09,90,38,155,15
2024-05-10,92,40,181,16
2024-05-13,84,27,118,13
2024-05-14,85,25,121,5
2024-05-15,109,23,213,7
2024-05-16,80,25,144,9
2024-05-17,66,31,135,15
2024-05-20,102,49,165,19
2024-05-21,75,49,127,24
2024-05-22,76,50,79,31
2024-05-23,61,77,55,51
2024-05-24,59,48,67,34
2024-05-28,75,48,80,38
2024-05-29,35,73,28,67
2024-05-30,47,35,54,32
2024-05-31,40,34,82,26
2024-06-03,65,40,104,33
2024-06-04,31,58,31,41
2024-06-05,52,44,59,39
2024-06-06,54,40,50,22
2024-06-07,27,58,28,36
2024-06-10,39,90,39,48
2024-06-11,39,63,26,44
2024-06-12,90,33,78,20
2024-06-13,41,74,29,48
2024-06-14,22,111,14,68
2024-06-17,50,103,42,63
2024-06-18,57,89,61,51
2024-06-20,34,98,46,56
2024-06-21,21,78,29,35
2024-06-24,35,58,62,15
2024-06-25,34,95,39,41
2024-06-26,29,87,23,49
2024-06-27,37,60,36,30
2024-06-28,53,50,58,32
2024-07-01,37,65,47,41
2024-07-02,35,75,50,44
2024-07-03,35,75,50,44
2024-07-05,38,81,49,49
2024-07-08,66,50,56,28
2024-07-09,56,79,48,64
2024-07-10,55,61,62,42
2024-07-11,127,19,153,6
2024-07-12,150,10,187,3
2024-07-15,190,9,224,3
2024-07-16,281,11,313,2
2024-07-17,236,7,268,3
2024-07-18,159,21,208,8
2024-07-19,39,33,31,12
2024-07-22,86,23,72,10
2024-07-23,207,17,186,9
2024-07-24,140,35,107,22
2024-07-25,173,30,162,14
2024-07-26,177,19,179,9
2024-07-29,109,20,148,6
2024-07-30,105,27,184,12
2024-07-31,145,12,267,10
2024-08-01,61,67,131,41
2024-08-02,26,116,80,82
2024-08-05,5,221,20,157
2024-08-06,16,56,21,41
2024-08-07,22,83,34,39
2024-08-08,26,86,14,36
2024-08-09,38,72,26,34
2024-08-12,36,82,28,51
2024-08-13,40,51,38,28
2024-08-14,46,51,57,23
2024-08-15,65,14,85,6
2024-08-16,56,18,60,8
2024-08-19,82,12,88,5
2024-08-20,53,16,77,13
2024-08-21,74,19,83,8
2024-08-22,75,26,84,13
2024-08-23,127,13,190,6
2024-08-26,129,13,214,5
2024-08-27,53,23,87,12
2024-08-28,61,38,118,21
2024-08-29,76,21,134,8
2024-08-30,77,16,152,17
2024-09-03,53,60,127,39
2024-09-04,33,64,114,45
2024-09-05,39,55,103,52
2024-09-06,18,77,44,76
2024-09-09,36,71,53,68
2024-09-10,40,74,69,99
2024-09-11,42,68,34,85
2024-09-12,64,24,82,23
2024-09-13,102,10,157,6
2024-09-16,122,26,204,5
2024-09-17,134,20,171,3
2024-09-18,158,18,212,3
2024-09-19,151,21,189,4
2024-09-20,107,34,114,8
2024-09-23,71,33,144,10
2024-09-24,94,38,133,6
2024-09-25,68,49,92,13
2024-09-26,86,36,138,20
2024-09-27,65,17,105,2
2024-09-30,75,18,75,8
2024-10-01,63,44,82,17
2024-10-02,70,51,76,20
2024-10-03,52,54,60,24
2024-10-04,89,33,109,9
2024-10-07,70,41,80,25
2024-10-08,60,44,62,24
2024-10-09,87,53,100,20
2024-10-10,49,67,52,27
2024-10-11,124,25,139,7
2024-10-14,139,19,167,7
2024-10-15,167,17,220,14
2024-10-16,181,11,199,12
2024-10-17,148,20,200,16
2024-10-18,122,16,165,14
2024-10-21,77,27,108,24
2024-10-22,61,32,57,27
2024-10-23,54,45,53,33
2024-10-24,65,36,82,25
2024-10-25,63,32,81,14
2024-10-28,82,14,72,18
2024-10-29,80,19,51,35
2024-10-30,121,40,107,34
2024-10-31,50,65,63,58
2024-11-01,55,64,47,52
2024-11-04,50,51,53,24
2024-11-05,95,46,101,41
2024-11-06,424,36,400,38
2024-11-07,175,27,188,10
2024-11-08,191,40,200,35
2024-11-11,327,41,321,24
2024-11-12,190,58,146,51
2024-11-13,187,65,154,48
2024-11-14,74,76,82,36
2024-11-15,38,111,47,56
2024-11-18,58,98,78,44
2024-11-19,52,88,81,50
2024-11-20,84,74,92,43
2024-11-21,124,50,200,36
2024-11-22,166,28,244,14
2024-11-25,332,17,378,15
2024-11-26,113,38,123,27
2024-11-27,126,22,183,26
2024-11-29,126,22,183,26
2024-12-02,115,27,84,22
2024-12-03,115,37,81,11
2024-12-04,133,39,77,19
2024-12-05,116,49,105,21
2024-12-06,90,40,81,51
2024-12-09,108,21,78,10
2024-12-10,76,32,42,22
2024-12-11,104,51,76,36
2024-12-12,71,62,48,46
2024-12-13,61,94,25,77
2024-12-16,92,83,57,89
2024-12-17,71,76,37,108
2024-12-18,63,124,30,135
2024-12-19,17,130,9,143
2024-12-20,34,97,19,129
2024-12-23,29,64,17,82
2024-12-24,29,64,17,82
2024-12-26,47,25,30,19
2024-12-27,42,34,16,45
2024-12-30,42,67,14,97
2024-12-31,30,30,15,16
2025-01-02,48,21,21,36
2025-01-03,55,24,26,50
2025-01-06,84,22,46,24
2025-01-07,50,40,39,55
2025-01-08,29,73,15,103
2025-01-10,31,131,22,141
2025-01-13,13,137,11,112
2025-01-14,24,65,37,28
2025-01-15,50,27,68,11
2025-01-16,52,48,62,19
2025-01-17,56,29,80,9
2025-01-21,101,20,121,13
2025-01-22,91,27,104,23
2025-01-23,60,34,76,19
2025-01-24,64,13,78,7
2025-01-27,50,30,61,10
2025-01-28,73,43,99,19
2025-01-29,65,35,85,28
2025-01-30,92,31,124,17
2025-01-31,65,35,74,23
2025-02-03,27,92,33,84
2025-02-04,70,46,56,35
2025-02-05,98,37,81,20
2025-02-06,112,41,93,29
2025-02-07,86,70,75,70
2025-02-10,85,80,65,51
2025-02-11,52,97,56,50
2025-02-12,63,105,55,71
2025-02-13,105,56,86,39
2025-02-14,107,39,100,31
2025-02-18,105,47,91,44
2025-02-19,82,56,68,54
2025-02-20,50,60,49,44
2025-02-21,66,80,46,67
2025-02-24,25,107,36,64
2025-02-25,32,121,45,68
2025-02-26,33,95,36,59
2025-02-27,33,141,32,103
2025-02-28,31,169,53,108
2025-03-03,46,206,91,166
2025-03-04,25,280,37,234
2025-03-05,27,84,26,76
2025-03-06,16,75,23,58
2025-03-07,15,71,27,41
2025-03-10,22,127,35,86
2025-03-11,17,166,9,99
2025-03-12,15,109,3,86
2025-03-13,13,154,12,142
2025-03-14,19,68,22,37
2025-03-17,32,40,44,13
2025-03-18,25,56,42,17
2025-03-19,26,44,25,22
2025-03-20,21,45,30,23
2025-03-21,20,93,20,66
2025-03-24,30,37,17,8
2025-03-25,26,58,37,25
2025-03-26,26,83,36,25
2025-03-27,22,83,32,29
2025-03-28,17,170,33,87
2025-03-31,25,290,38,167
2025-04-01,23,199,28,74
2025-04-02,19,145,33,50
2025-04-03,21,392,51,356
2025-04-04,7,618,12,610
2025-04-07,2,593,1,609
2025-04-08,5,337,1,418
2025-04-09,8,386,7,451
2025-04-10,10,77,11,40
2025-04-11,14,79,18,51
2025-04-14,17,49,16,10
2025-04-15,13,36,24,9
2025-04-16,17,73,24,37
2025-04-17,13,52,13,25
2025-04-21,20,83,23,59
2025-04-22,25,36,19,5
2025-04-23,25,11,17,1
2025-04-24,22,20,15,6
2025-04-25,15,26,20,6
2025-04-28,22,27,21,6
2025-04-29,22,27,23,11
2025-04-30,19,43,25,21
2025-05-01,23,32,18,13
2025-05-02,30,20,47,11
2025-05-05,37,24,44,14
2025-05-06,18,54,30,31
2025-05-07,40,53,54,30
2025-05-08,43,48,59,21
2025-05-09,34,39,43,15
2025-05-12,62,22,73,4
2025-05-13,47,33,63,9
2025-05-14,42,50,40,13
2025-05-15,45,45,52,11
2025-05-16,54,22,75,5
2025-05-19,41,19,64,6
2025-05-20,40,16,66,8
2025-05-21,37,39,44,21
2025-05-22,29,43,21,30
2025-05-23,26,49,35,22
2025-05-27,65,23,77,6
2025-05-28,51,27,47,6
2025-05-29,45,28,46,12
2025-05-30,40,33,48,9
2025-06-02,63,37,66,22
2025-06-03,68,27,69,18
2025-06-04,51,16,64,2
2025-06-05,40,16,61,9
2025-06-06,59,7,65,1
2025-06-09,61,11,62,7
2025-06-10,56,14,40,4
2025-06-11,53,15,44,9
2025-06-12,38,19,56,11
2025-06-13,23,42,36,25
2025-06-16,59,45,66,18
2025-06-17,46,43,35,29
2025-06-18,56,36,47,24
2025-06-20,57,35,41,26
2025-06-23,62,51,45,25
2025-06-24,88,16,66,4
2025-06-25,63,23,45,14
2025-06-26,62,28,78,7
2025-06-27,81,16,90,7
2025-06-30,85,12,82,9
2025-07-01,81,16,90,4
2025-07-02,74,5,87,6
2025-07-03,74,5,87,6
2025-07-07,90,14,99,8
2025-07-08,70,10,73,5
2025-07-09,57,8,58,8
2025-07-10,86,12,93,6
2025-07-11,50,12,42,11
2025-07-14,69,23,68,15
2025-07-15,73,22,62,27
2025-07-16,47,23,38,26
2025-07-17,77,8,86,9
2025-07-18,86,26,85,20
2025-07-21,78,23,69,21
2025-07-22,53,10,63,8
2025-07-23,77,3,109,2
2025-07-24,68,17,84,7
2025-07-25,58,20,75,10
2025-07-28,65,16,60,10
2025-07-29,68,31,64,17
2025-07-30,64,41,65,31
2025-07-31,57,58,62,58
2025-08-01,24,88,25,81
2025-08-04,63,32,55,23
2025-08-05,63,40,70,33
2025-08-06,52,54,56,38
2025-08-07,69,59,76,32
2025-08-08,73,54,66,43
2025-08-11,62,57,58,50
2025-08-12,99,33,101,21
2025-08-13,130,26,144,6
2025-08-14,66,23,65,11
2025-08-15,69,22,45,11
2025-08-18,70,23,36,13
2025-08-19,48,28,41,11
2025-08-20,29,38,41,13
2025-08-21,54,27,28,13
2025-08-22,146,8,137,1
2025-08-25,107,7,72,5
2025-08-26,103,13,97,6
2025-08-27,112,7,92,2
2025-08-28,108,13,102,5
2025-08-29,69,14,73,2
2025-09-02,77,37,57,16
2025-09-03,83,38,72,16
2025-09-04,84,40,81,17
2025-09-05,129,28,147,13
2025-09-08,126,29,94,23
2025-09-09,87,25,68,20
2025-09-10,96,34,89,34
2025-09-11,128,17,153,16
2025-09-12,90,21,84,18
2025-09-15,96,38,109,33
2025-09-16,84,35,68,27
2025-09-17,112,20,102,22
2025-09-18,139,21,104,23
2025-09-19,144,30,107,40
2025-09-22,129,38,92,40
2025-09-23,137,33,157,37
2025-09-24,68,36,56,35
2025-09-25,39,59,28,62
2025-09-26,57,39,68,15
2025-09-29,100,45,93,29
2025-09-30,94,44,98,34
2025-10-01,97,42,109,29
2025-10-02,121,44,88,28
2025-10-03,141,15,104,10
2025-10-06,164,41,127,31
2025-10-07,98,43,76,43
2025-10-08,101,39,91,35
2025-10-09,108,43,73,48
2025-10-10,82,97,42,101
2025-10-13,65,81,48,53
2025-10-14,87,56,64,51
2025-10-15,129,19,105,19
2025-10-16,102,54,92,48
2025-10-17,27,45,20,42
2025-10-20,67,26,53,18
2025-10-21,44,26,45,14
2025-10-22,33,43,33,13
2025-10-23,61,34,61,19
2025-10-24,106,17,97,10
2025-10-27,111,27,87,14
2025-10-28,76,53,74,41
2025-10-29,90,99,107,94
2025-10-30,73,114,80,110
2025-10-31,59,101,41,86
2025-11-03,70,96,51,77
2025-11-04,35,121,30,76
2025-11-05,57,81,70,66
2025-11-06,58,118,76,102
2025-11-07,34,144,53,94
2025-11-10,95,54,115,56
2025-11-11,80,44,123,40
2025-11-12,92,33,118,33
2025-11-13,46,89,75,61
2025-11-14,41,129,37,87
2025-11-17,53,152,37,106
2025-11-18,37,171,34,123
2025-11-19,40,155,28,98
2025-11-20,61,146,39,108
2025-11-21,36,133,35,54
2025-11-24,92,52,39,27
2025-11-25,130,23,87,11
2025-11-26,133,13,103,2
2025-11-28,133,13,103,2
2025-12-01,56,24,67,5
2025-12-02,59,32,65,10
2025-12-03,89,25,93,10
2025-12-04,105,11,103,16
2025-12-05,99,24,93,25
2025-12-08,130,27,61,24
2025-12-09,84,23,71,19
2025-12-10,149,27,134,11
2025-12-11,165,20,187,7
2025-12-12,123,28,138,9
2025-12-15,116,63,91,13
2025-12-16,70,58,48,16
2025-12-17,61,48,51,10
2025-12-18,80,37,71,15
2025-12-19,77,33,78,24
2025-12-22,106,30,121,18
2025-12-23,66,49,97,21
2025-12-24,66,49,97,21
2025-12-26,40,44,63,7
2025-12-29,34,61,24,10
2025-12-30,29,54,27,7
2025-12-31,20,48,10,16
2026-01-02,47,32,53,22
2026-01-05,90,26,174,17
2026-01-06,108,23,177,22
2026-01-07,91,32,96,31
2026-01-08,115,23,138,24
2026-01-09,118,26,151,16
2026-01-12,118,26,154,9
2026-01-13,123,36,185,18
2026-01-14,100,36,172,21
2026-01-15,156,31,209,17
2026-01-16,119,45,150,27
2026-01-20,78,62,89,46
2026-01-21,179,59,205,28
2026-01-22,250,12,239,9
2026-01-23,71,15,133,14
2026-01-26,70,31,138,12
2026-01-27,89,50,151,39
2026-01-28,91,52,146,41
2026-01-29,78,90,187,60
2026-01-30,67,71,72,41
2026-02-02,131,82,128,49
2026-02-03,178,166,235,89
2026-02-04,189,138,268,69
2026-02-05,108,145,143,61
2026-02-06,193,68,280,36
2026-02-09,149,75,221,43
2026-02-10,92,32,213,20
2026-02-11,113,109,327,50
2026-02-12,111,137,286,91
2026-02-13,49,53,132,33
2026-02-17,65,94,139,37
2026-02-18,84,41,123,20
2026-02-19,50,57,96,25
2026-02-20,70,52,125,32
2026-02-23,70,52,125,32
